reactant1_structuralScore,reactant1_mw,reactant1_smi,reactant1_metadata,reactant2_structuralScore,reactant2_mw,reactant2_smi,reactant2_metadata,product_smi,is_pains
0.0,283.100856908,O=C(O)Cc1cn(Cc2ccc(F)cc2)c2ccccc12,,0.0,255.013618528,Nc1ccc(S(=O)(=O)Nc2nccs2)cc1,,O=C(Cc1cn(Cc2ccc(F)cc2)c2ccccc12)Nc1ccc(S(=O)(=O)Nc2nccs2)cc1,False
0.0,283.100856908,O=C(O)Cc1cn(Cc2ccc(F)cc2)c2ccccc12,,0.1227408070352793,361.44799999999987,O=S(=O)(Nc1nccs1)c1ccc(NCc2ccccc2O)cc1,"[{'catalogName': 'molport', 'catalogId': 'MolPort-002-001-015', 'smiles': 'Oc1ccccc1CNc1ccc(cc1)S(=O)(=O)Nc1nccs1', 'link': 'https://www.molport.com/shop/molecule-link/MolPort-002-001-015', 'purchaseInfo': {'isBuildingBlock': False, 'isScreening': True, 'scrLeadTimeWeeks': 2.0, 'scrPriceRange': '< $100 / mg'}}, {'catalogName': 'emolecules', 'catalogId': '1467984', 'smiles': 'Oc1ccccc1CNc1ccc(cc1)S(=O)(=O)Nc1nccs1', 'link': 'https://search.emolecules.com/search/#?querytype=emoleculesid&p=1&query=1467984', 'purchaseInfo': {'isBuildingBlock': False, 'isScreening': True, 'scrLeadTimeWeeks': 6.0, 'scrPriceRange': 'unknown'}}, {'catalogName': 'mcule', 'catalogId': 'MCULE-7818258519', 'smiles': 'S(=O)(=O)(C1C=CC(=CC=1)NCC1=CC=CC=C1O)NC1SC=CN=1', 'link': 'https://mcule.com/MCULE-7818258519', 'purchaseInfo': {'isBuildingBlock': False, 'isScreening': True, 'scrLeadTimeWeeks': 3.0, 'scrPriceRange': '< $100 / mg'}}, {'catalogName': 'sigma', 'catalogId': '30043508', 'smiles': 'O=S(=O)(Nc1nccs1)c1ccc(NCc2ccccc2O)cc1', 'link': 'https://www.aldrichmarketselect.com/list_search.php?text_stuff=30043508&listFormat=STRUCTURE_ID&init_qty=1&qty_UOM=1', 'purchaseInfo': {'isBuildingBlock': False, 'isScreening': True, 'scrLeadTimeWeeks': 2.0, 'scrPriceRange': '< $100 / mg'}}, {'catalogName': 'surechembl', 'catalogId': 'SCHEMBL16646129', 'smiles': 'O=S(=O)(Nc1nccs1)c1ccc(NCc2ccccc2O)cc1', 'link': 'https://www.surechembl.org/chemical/SCHEMBL16646129/'}, {'catalogName': 'pubchem', 'catalogId': '1079725', 'smiles': 'O=S(=O)(Nc1nccs1)c1ccc(NCc2ccccc2O)cc1', 'link': 'https://pubchem.ncbi.nlm.nih.gov/compound/1079725'}]",O=C(Cc1cn(Cc2ccc(F)cc2)c2ccccc12)N(Cc1ccccc1O)c1ccc(S(=O)(=O)Nc2nccs2)cc1,True
0.0,283.100856908,O=C(O)Cc1cn(Cc2ccc(F)cc2)c2ccccc12,,0.1349661688029456,349.3969999999999,O=C(Nc1ccc(S(=O)(=O)Nc2nccs2)cc1)c1cn[nH]c1,"[{'catalogName': 'mcule_ultimate', 'catalogId': 'CHTSWXSQBFOVEN-UHFFFAOYSA-N', 'smiles': 'O=C(Nc1ccc(S(=O)(=O)Nc2nccs2)cc1)c1cn[nH]c1', 'link': 'https://ultimateapp.mcule.com/search/?t=exact&q=CHTSWXSQBFOVEN-UHFFFAOYSA-N', 'purchaseInfo': {'isBuildingBlock': False, 'isScreening': True, 'scrLeadTimeWeeks': 12.0, 'scrPriceRange': '$250-500 / mg'}}]",O=C(Nc1ccc(S(=O)(=O)Nc2nccs2)cc1)c1cnn(C(=O)Cc2cn(Cc3ccc(F)cc3)c3ccccc23)c1,False
0.0,283.100856908,O=C(O)Cc1cn(Cc2ccc(F)cc2)c2ccccc12,,0.13839237933424883,259.3484071119999,[2H]c1c([2H])c(S(=O)(=O)Nc2nccs2)c([2H])c([2H])c1N,"[{'catalogName': 'enamine_bb', 'catalogId': 'EN300-18132', 'smiles': 'Nc1ccc(S(=O)(=O)Nc2nccs2)cc1', 'link': 'https://www.enaminestore.com/catalog/EN300-18132', 'purchaseInfo': {'isBuildingBlock': True, 'isScreening': False, 'bbLeadTimeWeeks': 1.0, 'bbPriceRange': '< $100 / g'}}, {'catalogName': 'molport', 'catalogId': 'MolPort-004-964-844', 'smiles': '[NaH].Nc1ccc(cc1)S(=O)(=O)Nc1nccs1', 'link': 'https://www.molport.com/shop/molecule-link/MolPort-004-964-844', 'purchaseInfo': {'isBuildingBlock': True, 'isScreening': False, 'bbLeadTimeWeeks': 1.0, 'bbPriceRange': '< $100 / g'}}, {'catalogName': 'emolecules', 'catalogId': '27524003', 'smiles': '[2H]c1c([2H])c(c([2H])c([2H])c1N)S(=O)(=O)Nc1nccs1', 'link': 'https://search.emolecules.com/search/#?querytype=emoleculesid&p=1&query=27524003', 'purchaseInfo': {'isBuildingBlock': False, 'isScreening': True, 'scrLeadTimeWeeks': 6.0, 'scrPriceRange': 'unknown'}}, {'catalogName': 'wuxi_bb_screening', 'catalogId': 'WXCD02506892', 'smiles': 'Nc1ccc(S(=O)(=O)[N-]c2nccs2)cc1.[Na+]', 'link': 'https://www.labnetwork.com/frontend-app/p/#!/supplier/wuxi/product/WXCD02506892', 'purchaseInfo': {'isBuildingBlock': False, 'isScreening': True, 'scrLeadTimeWeeks': 6.0, 'scrPriceRange': 'unknown'}}, {'catalogName': 'mcule', 'catalogId': 'MCULE-1370710137', 'smiles': 'S(=O)(=O)(C1=CC=C(C=C1)N)NC1SC=CN=1', 'link': 'https://mcule.com/MCULE-1370710137', 'purchaseInfo': {'isBuildingBlock': True, 'isScreening': False, 'bbLeadTimeWeeks': 3.0, 'bbPriceRange': '< $100 / g'}}, {'catalogName': 'sigma', 'catalogId': '158582067', 'smiles': '[2H]c1c([2H])c(S(=O)(=O)Nc2nccs2)c([2H])c([2H])c1N', 'link': 'https://www.aldrichmarketselect.com/list_search.php?text_stuff=158582067&listFormat=STRUCTURE_ID&init_qty=1&qty_UOM=1', 'purchaseInfo': {'isBuildingBlock': False, 'isScreening': True, 'scrLeadTimeWeeks': 1.0, 'scrPriceRange': 'unknown'}}, {'catalogName': 'surechembl', 'catalogId': 'SCHEMBL94165', 'smiles': 'Nc1ccc(S(=O)(=O)Nc2nccs2)cc1', 'link': 'https://www.surechembl.org/chemical/SCHEMBL94165/'}, {'catalogName': 'pubchem', 'catalogId': '45040441', 'smiles': '[2H]c1c([2H])c(S(=O)(=O)Nc2nccs2)c([2H])c([2H])c1N', 'link': 'https://pubchem.ncbi.nlm.nih.gov/compound/45040441'}]",[2H]c1c([2H])c(S(=O)(=O)Nc2nccs2)c([2H])c([2H])c1NC(=O)Cc1cn(Cc2ccc(F)cc2)c2ccccc12,False
0.0,283.100856908,O=C(O)Cc1cn(Cc2ccc(F)cc2)c2ccccc12,,0.14887604308236146,309.41599999999966,Cc1cnc(NS(=O)(=O)c2ccc3c(c2)CCCN3)s1,"[{'catalogName': 'enamine_made', 'catalogId': 'BBV-225613', 'smiles': 'Cc1cnc(NS(=O)(=O)c2ccc3c(c2)CCCN3)s1', 'purchaseInfo': {'isBuildingBlock': True, 'isScreening': False, 'bbLeadTimeWeeks': 6.0, 'bbPriceRange': '$500-1k / g'}}, {'catalogName': 'emolecules', 'catalogId': '50057815', 'smiles': 'Cc1cnc(NS(=O)(=O)c2ccc3NCCCc3c2)s1', 'link': 'https://search.emolecules.com/search/#?querytype=emoleculesid&p=1&query=50057815', 'purchaseInfo': {'isBuildingBlock': False, 'isScreening': True, 'scrLeadTimeWeeks': 6.0, 'scrPriceRange': 'unknown'}}, {'catalogName': 'mcule', 'catalogId': 'MCULE-1893426265', 'smiles': 'S(=O)(=O)(C1C=CC2=C(CCCN2)C=1)NC1SC(=CN=1)C', 'link': 'https://mcule.com/MCULE-1893426265', 'purchaseInfo': {'isBuildingBlock': False, 'isScreening': True, 'scrLeadTimeWeeks': 5.0, 'scrPriceRange': 'unknown'}}, {'catalogName': 'pubchem', 'catalogId': '43119917', 'smiles': 'Cc1cnc(NS(=O)(=O)c2ccc3c(c2)CCCN3)s1', 'link': 'https://pubchem.ncbi.nlm.nih.gov/compound/43119917'}]",Cc1cnc(NS(=O)(=O)c2ccc3c(c2)CCCN3C(=O)Cc2cn(Cc3ccc(F)cc3)c3ccccc23)s1,False
0.0,283.100856908,O=C(O)Cc1cn(Cc2ccc(F)cc2)c2ccccc12,,0.15646672982153348,309.4159999999997,Cc1csc(NS(=O)(=O)c2ccc3c(c2)CCCN3)n1,"[{'catalogName': 'enamine_made', 'catalogId': 'BBV-225681', 'smiles': 'Cc1csc(NS(=O)(=O)c2ccc3c(c2)CCCN3)n1', 'purchaseInfo': {'isBuildingBlock': True, 'isScreening': False, 'bbLeadTimeWeeks': 6.0, 'bbPriceRange': '$500-1k / g'}}, {'catalogName': 'emolecules', 'catalogId': '50060087', 'smiles': 'Cc1csc(NS(=O)(=O)c2ccc3NCCCc3c2)n1', 'link': 'https://search.emolecules.com/search/#?querytype=emoleculesid&p=1&query=50060087', 'purchaseInfo': {'isBuildingBlock': False, 'isScreening': True, 'scrLeadTimeWeeks': 6.0, 'scrPriceRange': 'unknown'}}, {'catalogName': 'mcule', 'catalogId': 'MCULE-1192539715', 'smiles': 'S(=O)(=O)(C1C=CC2=C(CCCN2)C=1)NC1SC=C(C)N=1', 'link': 'https://mcule.com/MCULE-1192539715', 'purchaseInfo': {'isBuildingBlock': False, 'isScreening': True, 'scrLeadTimeWeeks': 5.0, 'scrPriceRange': 'unknown'}}, {'catalogName': 'pubchem', 'catalogId': '43119946', 'smiles': 'Cc1csc(NS(=O)(=O)c2ccc3c(c2)CCCN3)n1', 'link': 'https://pubchem.ncbi.nlm.nih.gov/compound/43119946'}]",Cc1csc(NS(=O)(=O)c2ccc3c(c2)CCCN3C(=O)Cc2cn(Cc3ccc(F)cc3)c3ccccc23)n1,False
0.0,283.100856908,O=C(O)Cc1cn(Cc2ccc(F)cc2)c2ccccc12,,0.1589183494938388,364.41199999999986,Cc1nnc(Nc2ccc(S(=O)(=O)Nc3nccs3)cc2)[nH]c1=O,"[{'catalogName': 'molport', 'catalogId': 'MolPort-008-822-600', 'smiles': 'Cc1nnc(Nc2ccc(cc2)S(=O)(=O)Nc2nccs2)[nH]c1=O', 'link': 'https://www.molport.com/shop/molecule-link/MolPort-008-822-600', 'purchaseInfo': {'isBuildingBlock': False, 'isScreening': True, 'scrLeadTimeWeeks': 3.0, 'scrPriceRange': '< $100 / mg'}}, {'catalogName': 'emolecules', 'catalogId': '13084773', 'smiles': 'Cc1nnc(Nc2ccc(cc2)S(=O)(=O)Nc2nccs2)[nH]c1=O', 'link': 'https://search.emolecules.com/search/#?querytype=emoleculesid&p=1&query=13084773', 'purchaseInfo': {'isBuildingBlock': False, 'isScreening': True, 'scrLeadTimeWeeks': 6.0, 'scrPriceRange': 'unknown'}}, {'catalogName': 'mcule', 'catalogId': 'MCULE-2385480739', 'smiles': 'S(=O)(=O)(C1=CC=C(C=C1)NC1=NN=C(C(=O)N1)C)NC1SC=CN=1', 'link': 'https://mcule.com/MCULE-2385480739', 'purchaseInfo': {'isBuildingBlock': False, 'isScreening': True, 'scrLeadTimeWeeks': 4.0, 'scrPriceRange': '< $100 / mg'}}, {'catalogName': 'pubchem', 'catalogId': '135713562', 'smiles': 'Cc1nnc(Nc2ccc(S(=O)(=O)Nc3nccs3)cc2)[nH]c1=O', 'link': 'https://pubchem.ncbi.nlm.nih.gov/compound/135713562'}]",Cc1nnc(N(C(=O)Cc2cn(Cc3ccc(F)cc3)c3ccccc23)c2ccc(S(=O)(=O)Nc3nccs3)cc2)[nH]c1=O,False
0.0,283.100856908,O=C(O)Cc1cn(Cc2ccc(F)cc2)c2ccccc12,,0.1589183494938388,364.41199999999986,Cc1nnc(Nc2ccc(S(=O)(=O)Nc3nccs3)cc2)[nH]c1=O,"[{'catalogName': 'molport', 'catalogId': 'MolPort-008-822-600', 'smiles': 'Cc1nnc(Nc2ccc(cc2)S(=O)(=O)Nc2nccs2)[nH]c1=O', 'link': 'https://www.molport.com/shop/molecule-link/MolPort-008-822-600', 'purchaseInfo': {'isBuildingBlock': False, 'isScreening': True, 'scrLeadTimeWeeks': 3.0, 'scrPriceRange': '< $100 / mg'}}, {'catalogName': 'emolecules', 'catalogId': '13084773', 'smiles': 'Cc1nnc(Nc2ccc(cc2)S(=O)(=O)Nc2nccs2)[nH]c1=O', 'link': 'https://search.emolecules.com/search/#?querytype=emoleculesid&p=1&query=13084773', 'purchaseInfo': {'isBuildingBlock': False, 'isScreening': True, 'scrLeadTimeWeeks': 6.0, 'scrPriceRange': 'unknown'}}, {'catalogName': 'mcule', 'catalogId': 'MCULE-2385480739', 'smiles': 'S(=O)(=O)(C1=CC=C(C=C1)NC1=NN=C(C(=O)N1)C)NC1SC=CN=1', 'link': 'https://mcule.com/MCULE-2385480739', 'purchaseInfo': {'isBuildingBlock': False, 'isScreening': True, 'scrLeadTimeWeeks': 4.0, 'scrPriceRange': '< $100 / mg'}}, {'catalogName': 'pubchem', 'catalogId': '135713562', 'smiles': 'Cc1nnc(Nc2ccc(S(=O)(=O)Nc3nccs3)cc2)[nH]c1=O', 'link': 'https://pubchem.ncbi.nlm.nih.gov/compound/135713562'}]",Cc1nnc(Nc2ccc(S(=O)(=O)Nc3nccs3)cc2)n(C(=O)Cc2cn(Cc3ccc(F)cc3)c3ccccc23)c1=O,False
0.0,283.100856908,O=C(O)Cc1cn(Cc2ccc(F)cc2)c2ccccc12,,0.1597657163274466,354.45699999999977,CCC(C)(N)C(=O)Nc1ccc(S(=O)(=O)Nc2nccs2)cc1,"[{'catalogName': 'mcule', 'catalogId': 'MCULE-9071938331', 'smiles': 'C(NC1=CC=C(C=C1)S(=O)(=O)NC1SC=CN=1)(=O)C(C)(CC)N', 'link': 'https://mcule.com/MCULE-9071938331', 'purchaseInfo': {'isBuildingBlock': False, 'isScreening': True, 'scrLeadTimeWeeks': 6.0, 'scrPriceRange': '< $100 / mg'}}]",CCC(C)(NC(=O)Cc1cn(Cc2ccc(F)cc2)c2ccccc12)C(=O)Nc1ccc(S(=O)(=O)Nc2nccs2)cc1,False
0.0,283.100856908,O=C(O)Cc1cn(Cc2ccc(F)cc2)c2ccccc12,,0.186391003347253,313.3599999999998,Nc1ccc(S(=O)(=O)Nc2nc(CC(=O)O)cs2)cc1,"[{'catalogName': 'emolecules', 'catalogId': '49254950', 'smiles': 'Nc1ccc(cc1)S(=O)(=O)Nc1nc(CC(O)=O)cs1', 'link': 'https://search.emolecules.com/search/#?querytype=emoleculesid&p=1&query=49254950', 'purchaseInfo': {'isBuildingBlock': True, 'isScreening': False, 'bbLeadTimeWeeks': 12.0, 'bbPriceRange': '$1k-10k / g'}}, {'catalogName': 'mcule', 'catalogId': 'MCULE-9452145226', 'smiles': 'S1C=C(CC(O)=O)N=C1NS(C1=CC=C(N)C=C1)(=O)=O', 'link': 'https://mcule.com/MCULE-9452145226', 'purchaseInfo': {'isBuildingBlock': True, 'isScreening': False, 'bbLeadTimeWeeks': 5.0, 'bbPriceRange': '> $10k / g'}}, {'catalogName': 'surechembl', 'catalogId': 'SCHEMBL20472316', 'smiles': 'Nc1ccc(S(=O)(=O)Nc2nc(CC(=O)O)cs2)cc1', 'link': 'https://www.surechembl.org/chemical/SCHEMBL20472316/'}, {'catalogName': 'pubchem', 'catalogId': '52988121', 'smiles': 'Nc1ccc(S(=O)(=O)Nc2nc(CC(=O)O)cs2)cc1', 'link': 'https://pubchem.ncbi.nlm.nih.gov/compound/52988121'}]",O=C(O)Cc1csc(NS(=O)(=O)c2ccc(NC(=O)Cc3cn(Cc4ccc(F)cc4)c4ccccc34)cc2)n1,False
0.0,283.100856908,O=C(O)Cc1cn(Cc2ccc(F)cc2)c2ccccc12,,0.18658436149260352,269.3509999999998,Cc1cnc(NS(=O)(=O)c2ccc(N)cc2)s1,"[{'catalogName': 'enamine_bb', 'catalogId': 'EN300-1724723', 'smiles': 'Cc1cnc(NS(=O)(=O)c2ccc(N)cc2)s1', 'link': 'https://www.enaminestore.com/catalog/EN300-1724723', 'purchaseInfo': {'isBuildingBlock': True, 'isScreening': False, 'bbLeadTimeWeeks': 1.0, 'bbPriceRange': '< $100 / g'}}, {'catalogName': 'enamine_made', 'catalogId': 'BBV-025771', 'smiles': 'Cc1cnc(NS(=O)(=O)c2ccc(N)cc2)s1', 'purchaseInfo': {'isBuildingBlock': True, 'isScreening': False, 'bbLeadTimeWeeks': 6.0, 'bbPriceRange': '$500-1k / g'}}, {'catalogName': 'emolecules', 'catalogId': '37369937', 'smiles': 'Cc1cnc(NS(=O)(=O)c2ccc(N)cc2)s1', 'link': 'https://search.emolecules.com/search/#?querytype=emoleculesid&p=1&query=37369937', 'purchaseInfo': {'isBuildingBlock': True, 'isScreening': False, 'bbLeadTimeWeeks': 12.0, 'bbPriceRange': '$1k-10k / g'}}, {'catalogName': 'mcule', 'catalogId': 'MCULE-4704707233', 'smiles': 'CC1SC(NS(C2=CC=C(N)C=C2)(=O)=O)=NC=1', 'link': 'https://mcule.com/MCULE-4704707233', 'purchaseInfo': {'isBuildingBlock': False, 'isScreening': True, 'scrLeadTimeWeeks': 4.0, 'scrPriceRange': '< $100 / mg'}}, {'catalogName': 'sigma', 'catalogId': '117970261', 'smiles': 'Cc1cnc(NS(=O)(=O)c2ccc(N)cc2)s1', 'link': 'https://www.aldrichmarketselect.com/list_search.php?text_stuff=117970261&listFormat=STRUCTURE_ID&init_qty=1&qty_UOM=1', 'purchaseInfo': {'isBuildingBlock': False, 'isScreening': True, 'scrLeadTimeWeeks': 1.0, 'scrPriceRange': '< $100 / mg'}}, {'catalogName': 'surechembl', 'catalogId': 'SCHEMBL2177779', 'smiles': 'Cc1cnc(NS(=O)(=O)c2ccc(N)cc2)s1', 'link': 'https://www.surechembl.org/chemical/SCHEMBL2177779/'}, {'catalogName': 'pubchem', 'catalogId': '16786378', 'smiles': 'Cc1cnc(NS(=O)(=O)c2ccc(N)cc2)s1', 'link': 'https://pubchem.ncbi.nlm.nih.gov/compound/16786378'}]",Cc1cnc(NS(=O)(=O)c2ccc(NC(=O)Cc3cn(Cc4ccc(F)cc4)c4ccccc34)cc2)s1,False
0.0,283.100856908,O=C(O)Cc1cn(Cc2ccc(F)cc2)c2ccccc12,,0.2021391790843532,347.4249999999998,Cc1cc(Nc2ccc(S(=O)(=O)Nc3nccs3)cc2)ncn1,"[{'catalogName': 'molport', 'catalogId': 'MolPort-008-002-533', 'smiles': 'Cc1cc(Nc2ccc(cc2)S(=O)(=O)Nc2nccs2)ncn1', 'link': 'https://www.molport.com/shop/molecule-link/MolPort-008-002-533', 'purchaseInfo': {'isBuildingBlock': False, 'isScreening': True, 'scrLeadTimeWeeks': 2.0, 'scrPriceRange': '< $100 / mg'}}, {'catalogName': 'emolecules', 'catalogId': '5943034', 'smiles': 'Cc1cc(Nc2ccc(cc2)S(=O)(=O)Nc2nccs2)ncn1', 'link': 'https://search.emolecules.com/search/#?querytype=emoleculesid&p=1&query=5943034', 'purchaseInfo': {'isBuildingBlock': False, 'isScreening': True, 'scrLeadTimeWeeks': 6.0, 'scrPriceRange': 'unknown'}}, {'catalogName': 'mcule', 'catalogId': 'MCULE-3747234856', 'smiles': 'S(=O)(=O)(C1C=CC(=CC=1)NC1C=C(C)N=CN=1)NC1SC=CN=1', 'link': 'https://mcule.com/MCULE-3747234856', 'purchaseInfo': {'isBuildingBlock': False, 'isScreening': True, 'scrLeadTimeWeeks': 4.0, 'scrPriceRange': '< $100 / mg'}}, {'catalogName': 'sigma', 'catalogId': '89109728', 'smiles': 'Cc1cc(Nc2ccc(S(=O)(=O)Nc3nccs3)cc2)ncn1', 'link': 'https://www.aldrichmarketselect.com/list_search.php?text_stuff=89109728&listFormat=STRUCTURE_ID&init_qty=1&qty_UOM=1', 'purchaseInfo': {'isBuildingBlock': False, 'isScreening': True, 'scrLeadTimeWeeks': 2.0, 'scrPriceRange': '< $100 / mg'}}, {'catalogName': 'pubchem', 'catalogId': '16805596', 'smiles': 'Cc1cc(Nc2ccc(S(=O)(=O)Nc3nccs3)cc2)ncn1', 'link': 'https://pubchem.ncbi.nlm.nih.gov/compound/16805596'}]",Cc1cc(N(C(=O)Cc2cn(Cc3ccc(F)cc3)c3ccccc23)c2ccc(S(=O)(=O)Nc3nccs3)cc2)ncn1,False
0.0,283.100856908,O=C(O)Cc1cn(Cc2ccc(F)cc2)c2ccccc12,,0.2196414028795965,295.3889999999997,Cc1cnc(NS(=O)(=O)c2ccc3c(c2)CCN3)s1,"[{'catalogName': 'enamine_made', 'catalogId': 'BBV-225612', 'smiles': 'Cc1cnc(NS(=O)(=O)c2ccc3c(c2)CCN3)s1', 'purchaseInfo': {'isBuildingBlock': True, 'isScreening': False, 'bbLeadTimeWeeks': 6.0, 'bbPriceRange': '$500-1k / g'}}, {'catalogName': 'emolecules', 'catalogId': '50059877', 'smiles': 'Cc1cnc(NS(=O)(=O)c2ccc3NCCc3c2)s1', 'link': 'https://search.emolecules.com/search/#?querytype=emoleculesid&p=1&query=50059877', 'purchaseInfo': {'isBuildingBlock': False, 'isScreening': True, 'scrLeadTimeWeeks': 6.0, 'scrPriceRange': 'unknown'}}, {'catalogName': 'mcule', 'catalogId': 'MCULE-9333680673', 'smiles': 'S(=O)(=O)(C1C=CC2=C(CCN2)C=1)NC1SC(=CN=1)C', 'link': 'https://mcule.com/MCULE-9333680673', 'purchaseInfo': {'isBuildingBlock': False, 'isScreening': True, 'scrLeadTimeWeeks': 5.0, 'scrPriceRange': 'unknown'}}, {'catalogName': 'pubchem', 'catalogId': '43119916', 'smiles': 'Cc1cnc(NS(=O)(=O)c2ccc3c(c2)CCN3)s1', 'link': 'https://pubchem.ncbi.nlm.nih.gov/compound/43119916'}]",Cc1cnc(NS(=O)(=O)c2ccc3c(c2)CCN3C(=O)Cc2cn(Cc3ccc(F)cc3)c3ccccc23)s1,False
0.0,283.100856908,O=C(O)Cc1cn(Cc2ccc(F)cc2)c2ccccc12,,0.2261574908913378,281.3619999999998,O=S(=O)(Nc1nccs1)c1ccc2c(c1)CCN2,"[{'catalogName': 'enamine_made', 'catalogId': 'BBV-225476', 'smiles': 'O=S(=O)(Nc1nccs1)c1ccc2c(c1)CCN2', 'purchaseInfo': {'isBuildingBlock': True, 'isScreening': False, 'bbLeadTimeWeeks': 6.0, 'bbPriceRange': '$500-1k / g'}}, {'catalogName': 'emolecules', 'catalogId': '44222482', 'smiles': 'O=S(=O)(Nc1nccs1)c1ccc2NCCc2c1', 'link': 'https://search.emolecules.com/search/#?querytype=emoleculesid&p=1&query=44222482', 'purchaseInfo': {'isBuildingBlock': False, 'isScreening': True, 'scrLeadTimeWeeks': 6.0, 'scrPriceRange': 'unknown'}}, {'catalogName': 'mcule', 'catalogId': 'MCULE-4057084612', 'smiles': 'S(=O)(=O)(C1=CC=C2C(CCN2)=C1)NC1SC=CN=1', 'link': 'https://mcule.com/MCULE-4057084612', 'purchaseInfo': {'isBuildingBlock': False, 'isScreening': True, 'scrLeadTimeWeeks': 2.0, 'scrPriceRange': '< $100 / mg'}}, {'catalogName': 'surechembl', 'catalogId': 'SCHEMBL2077459', 'smiles': 'O=S(=O)(Nc1nccs1)c1ccc2c(c1)CCN2', 'link': 'https://www.surechembl.org/chemical/SCHEMBL2077459/'}, {'catalogName': 'pubchem', 'catalogId': '43119856', 'smiles': 'O=S(=O)(Nc1nccs1)c1ccc2c(c1)CCN2', 'link': 'https://pubchem.ncbi.nlm.nih.gov/compound/43119856'}]",O=C(Cc1cn(Cc2ccc(F)cc2)c2ccccc12)N1CCc2cc(S(=O)(=O)Nc3nccs3)ccc21,False
0.0,283.100856908,O=C(O)Cc1cn(Cc2ccc(F)cc2)c2ccccc12,,0.22686488450497075,340.4299999999998,CCC(N)C(=O)Nc1ccc(S(=O)(=O)Nc2nccs2)cc1,"[{'catalogName': 'enamine_real', 'catalogId': 'PV-006309094689', 'smiles': 'CCC(N)C(=O)NC1=CC=C(S(=O)(=O)NC2=NC=CS2)C=C1', 'purchaseInfo': {'isBuildingBlock': False, 'isScreening': True, 'scrLeadTimeWeeks': 4.0, 'scrPriceRange': '$100-250 / mg'}}, {'catalogName': 'mcule', 'catalogId': 'MCULE-8287601363', 'smiles': 'C(NC1=CC=C(C=C1)S(=O)(=O)NC1SC=CN=1)(C(CC)N)=O', 'link': 'https://mcule.com/MCULE-8287601363', 'purchaseInfo': {'isBuildingBlock': False, 'isScreening': True, 'scrLeadTimeWeeks': 6.0, 'scrPriceRange': '< $100 / mg'}}]",CCC(NC(=O)Cc1cn(Cc2ccc(F)cc2)c2ccccc12)C(=O)Nc1ccc(S(=O)(=O)Nc2nccs2)cc1,False
0.0,283.100856908,O=C(O)Cc1cn(Cc2ccc(F)cc2)c2ccccc12,,0.22854251887544236,270.3389999999998,NNc1ccc(S(=O)(=O)Nc2nccs2)cc1,"[{'catalogName': 'enamine_bb', 'catalogId': 'EN300-99042', 'smiles': 'Cl.Cl.NNc1ccc(S(=O)(=O)Nc2nccs2)cc1', 'link': 'https://www.enaminestore.com/catalog/EN300-99042', 'purchaseInfo': {'isBuildingBlock': True, 'isScreening': False, 'bbLeadTimeWeeks': 1.0, 'bbPriceRange': '< $100 / g'}}, {'catalogName': 'enamine_made', 'catalogId': 'BBV-22262464', 'smiles': 'NNc1ccc(S(=O)(=O)Nc2nccs2)cc1', 'purchaseInfo': {'isBuildingBlock': True, 'isScreening': False, 'bbLeadTimeWeeks': 6.0, 'bbPriceRange': '$500-1k / g'}}, {'catalogName': 'emolecules', 'catalogId': '37156112', 'smiles': 'Cl.Cl.NNc1ccc(cc1)S(=O)(=O)Nc1nccs1', 'link': 'https://search.emolecules.com/search/#?querytype=emoleculesid&p=1&query=37156112', 'purchaseInfo': {'isBuildingBlock': True, 'isScreening': False, 'bbLeadTimeWeeks': 12.0, 'bbPriceRange': '$500-1k / g'}}, {'catalogName': 'mcule', 'catalogId': 'MCULE-4930424484', 'smiles': 'S(=O)(=O)(C1C=CC(=CC=1)NN)NC1SC=CN=1', 'link': 'https://mcule.com/MCULE-4930424484', 'purchaseInfo': {'isBuildingBlock': True, 'isScreening': False, 'bbLeadTimeWeeks': 1.0, 'bbPriceRange': 'unknown'}}, {'catalogName': 'sigma', 'catalogId': '360886543', 'smiles': 'Cl.Cl.NNc1ccc(S(=O)(=O)Nc2nccs2)cc1', 'link': 'https://www.aldrichmarketselect.com/list_search.php?text_stuff=360886543&listFormat=STRUCTURE_ID&init_qty=1&qty_UOM=1', 'purchaseInfo': {'isBuildingBlock': True, 'isScreening': False, 'bbLeadTimeWeeks': 1.0, 'bbPriceRange': '< $100 / g'}}, {'catalogName': 'pubchem', 'catalogId': '12745819', 'smiles': 'NNc1ccc(S(=O)(=O)Nc2nccs2)cc1', 'link': 'https://pubchem.ncbi.nlm.nih.gov/compound/12745819'}]",O=C(Cc1cn(Cc2ccc(F)cc2)c2ccccc12)NNc1ccc(S(=O)(=O)Nc2nccs2)cc1,False
0.0,283.100856908,O=C(O)Cc1cn(Cc2ccc(F)cc2)c2ccccc12,,0.22854251887544236,270.3389999999998,NNc1ccc(S(=O)(=O)Nc2nccs2)cc1,"[{'catalogName': 'enamine_bb', 'catalogId': 'EN300-99042', 'smiles': 'Cl.Cl.NNc1ccc(S(=O)(=O)Nc2nccs2)cc1', 'link': 'https://www.enaminestore.com/catalog/EN300-99042', 'purchaseInfo': {'isBuildingBlock': True, 'isScreening': False, 'bbLeadTimeWeeks': 1.0, 'bbPriceRange': '< $100 / g'}}, {'catalogName': 'enamine_made', 'catalogId': 'BBV-22262464', 'smiles': 'NNc1ccc(S(=O)(=O)Nc2nccs2)cc1', 'purchaseInfo': {'isBuildingBlock': True, 'isScreening': False, 'bbLeadTimeWeeks': 6.0, 'bbPriceRange': '$500-1k / g'}}, {'catalogName': 'emolecules', 'catalogId': '37156112', 'smiles': 'Cl.Cl.NNc1ccc(cc1)S(=O)(=O)Nc1nccs1', 'link': 'https://search.emolecules.com/search/#?querytype=emoleculesid&p=1&query=37156112', 'purchaseInfo': {'isBuildingBlock': True, 'isScreening': False, 'bbLeadTimeWeeks': 12.0, 'bbPriceRange': '$500-1k / g'}}, {'catalogName': 'mcule', 'catalogId': 'MCULE-4930424484', 'smiles': 'S(=O)(=O)(C1C=CC(=CC=1)NN)NC1SC=CN=1', 'link': 'https://mcule.com/MCULE-4930424484', 'purchaseInfo': {'isBuildingBlock': True, 'isScreening': False, 'bbLeadTimeWeeks': 1.0, 'bbPriceRange': 'unknown'}}, {'catalogName': 'sigma', 'catalogId': '360886543', 'smiles': 'Cl.Cl.NNc1ccc(S(=O)(=O)Nc2nccs2)cc1', 'link': 'https://www.aldrichmarketselect.com/list_search.php?text_stuff=360886543&listFormat=STRUCTURE_ID&init_qty=1&qty_UOM=1', 'purchaseInfo': {'isBuildingBlock': True, 'isScreening': False, 'bbLeadTimeWeeks': 1.0, 'bbPriceRange': '< $100 / g'}}, {'catalogName': 'pubchem', 'catalogId': '12745819', 'smiles': 'NNc1ccc(S(=O)(=O)Nc2nccs2)cc1', 'link': 'https://pubchem.ncbi.nlm.nih.gov/compound/12745819'}]",NN(C(=O)Cc1cn(Cc2ccc(F)cc2)c2ccccc12)c1ccc(S(=O)(=O)Nc2nccs2)cc1,False
0.0,283.100856908,O=C(O)Cc1cn(Cc2ccc(F)cc2)c2ccccc12,,0.23541486550613205,312.3759999999998,NCC(=O)Nc1ccc(S(=O)(=O)Nc2nccs2)cc1,"[{'catalogName': 'enamine_real', 'catalogId': 'Z4949784069', 'smiles': 'NCC(=O)NC1=CC=C(S(=O)(=O)NC2=NC=CS2)C=C1', 'purchaseInfo': {'isBuildingBlock': False, 'isScreening': True, 'scrLeadTimeWeeks': 4.0, 'scrPriceRange': '$100-250 / mg'}}, {'catalogName': 'mcule', 'catalogId': 'MCULE-9663274032', 'smiles': 'C(NC1=CC=C(C=C1)S(=O)(=O)NC1SC=CN=1)(CN)=O', 'link': 'https://mcule.com/MCULE-9663274032', 'purchaseInfo': {'isBuildingBlock': False, 'isScreening': True, 'scrLeadTimeWeeks': 6.0, 'scrPriceRange': '< $100 / mg'}}]",O=C(Cc1cn(Cc2ccc(F)cc2)c2ccccc12)NCC(=O)Nc1ccc(S(=O)(=O)Nc2nccs2)cc1,False
0.0,283.100856908,O=C(O)Cc1cn(Cc2ccc(F)cc2)c2ccccc12,,0.23643312679644862,353.45399999999984,Cc1nnc(Nc2ccc(S(=O)(=O)Nc3nccs3)cc2)s1,"[{'catalogName': 'mcule', 'catalogId': 'MCULE-8085239676', 'smiles': 'S(=O)(=O)(C1C=CC(=CC=1)NC1=NN=C(C)S1)NC1SC=CN=1', 'link': 'https://mcule.com/MCULE-8085239676', 'purchaseInfo': {'isBuildingBlock': False, 'isScreening': True, 'scrLeadTimeWeeks': 6.0, 'scrPriceRange': '< $100 / mg'}}]",Cc1nnc(N(C(=O)Cc2cn(Cc3ccc(F)cc3)c3ccccc23)c2ccc(S(=O)(=O)Nc3nccs3)cc2)s1,False
0.0,283.100856908,O=C(O)Cc1cn(Cc2ccc(F)cc2)c2ccccc12,,0.2410493315405669,326.4029999999998,CNCC(=O)Nc1ccc(S(=O)(=O)Nc2nccs2)cc1,"[{'catalogName': 'enamine_real', 'catalogId': 'Z138106960', 'smiles': 'CNCC(=O)NC1=CC=C(S(=O)(=O)NC2=NC=CS2)C=C1', 'purchaseInfo': {'isBuildingBlock': False, 'isScreening': True, 'scrLeadTimeWeeks': 4.0, 'scrPriceRange': '$100-250 / mg'}}, {'catalogName': 'mcule', 'catalogId': 'MCULE-3743417355', 'smiles': 'C(NC1=CC=C(C=C1)S(=O)(=O)NC1SC=CN=1)(CNC)=O', 'link': 'https://mcule.com/MCULE-3743417355', 'purchaseInfo': {'isBuildingBlock': False, 'isScreening': True, 'scrLeadTimeWeeks': 6.0, 'scrPriceRange': '< $100 / mg'}}]",CN(CC(=O)Nc1ccc(S(=O)(=O)Nc2nccs2)cc1)C(=O)Cc1cn(Cc2ccc(F)cc2)c2ccccc12,False
0.0,283.100856908,O=C(O)Cc1cn(Cc2ccc(F)cc2)c2ccccc12,,0.24796938468979424,350.3849999999999,O=C(Nc1ccc(S(=O)(=O)Nc2nccs2)cc1)c1nc[nH]n1,"[{'catalogName': 'enamine_real', 'catalogId': 'Z2169551738', 'smiles': 'O=C(NC1=CC=C(S(=O)(=O)NC2=NC=CS2)C=C1)C1=NNC=N1', 'purchaseInfo': {'isBuildingBlock': False, 'isScreening': True, 'scrLeadTimeWeeks': 4.0, 'scrPriceRange': '$100-250 / mg'}}, {'catalogName': 'mcule_ultimate', 'catalogId': 'VCLGUVTVXYVRMJ-UHFFFAOYSA-N', 'smiles': 'O=C(Nc1ccc(S(=O)(=O)Nc2nccs2)cc1)c1nc[nH]n1', 'link': 'https://ultimateapp.mcule.com/search/?t=exact&q=VCLGUVTVXYVRMJ-UHFFFAOYSA-N', 'purchaseInfo': {'isBuildingBlock': False, 'isScreening': True, 'scrLeadTimeWeeks': 12.0, 'scrPriceRange': '$250-500 / mg'}}]",O=C(Nc1ccc(S(=O)(=O)Nc2nccs2)cc1)c1ncn(C(=O)Cc2cn(Cc3ccc(F)cc3)c3ccccc23)n1,False
0.0,283.100856908,O=C(O)Cc1cn(Cc2ccc(F)cc2)c2ccccc12,,0.24923168061510703,351.47799999999984,O=S(=O)(Nc1nccs1)c1ccc(NCc2cccs2)cc1,"[{'catalogName': 'emolecules', 'catalogId': '42809991', 'smiles': 'O=S(=O)(Nc1nccs1)c1ccc(NCc2cccs2)cc1', 'link': 'https://search.emolecules.com/search/#?querytype=emoleculesid&p=1&query=42809991', 'purchaseInfo': {'isBuildingBlock': False, 'isScreening': True, 'scrLeadTimeWeeks': 6.0, 'scrPriceRange': 'unknown'}}, {'catalogName': 'mcule', 'catalogId': 'MCULE-1821994993', 'smiles': 'S(=O)(=O)(C1=CC=C(C=C1)NCC1=CC=CS1)NC1SC=CN=1', 'link': 'https://mcule.com/MCULE-1821994993', 'purchaseInfo': {'isBuildingBlock': False, 'isScreening': True, 'scrLeadTimeWeeks': 9.0, 'scrPriceRange': '< $100 / mg'}}, {'catalogName': 'pubchem', 'catalogId': '102535592', 'smiles': 'O=S(=O)(Nc1nccs1)c1ccc(NCc2cccs2)cc1', 'link': 'https://pubchem.ncbi.nlm.nih.gov/compound/102535592'}]",O=C(Cc1cn(Cc2ccc(F)cc2)c2ccccc12)N(Cc1cccs1)c1ccc(S(=O)(=O)Nc2nccs2)cc1,False
0.0,283.100856908,O=C(O)Cc1cn(Cc2ccc(F)cc2)c2ccccc12,,0.254686584152071,326.4029999999998,CC(N)C(=O)Nc1ccc(S(=O)(=O)Nc2nccs2)cc1,"[{'catalogName': 'enamine_real', 'catalogId': 'PV-003042496384', 'smiles': 'CC(N)C(=O)NC1=CC=C(S(=O)(=O)NC2=NC=CS2)C=C1', 'purchaseInfo': {'isBuildingBlock': False, 'isScreening': True, 'scrLeadTimeWeeks': 4.0, 'scrPriceRange': '$100-250 / mg'}}, {'catalogName': 'mcule', 'catalogId': 'MCULE-4030164866', 'smiles': 'C(NC1=CC=C(C=C1)S(=O)(=O)NC1SC=CN=1)(C(C)N)=O', 'link': 'https://mcule.com/MCULE-4030164866', 'purchaseInfo': {'isBuildingBlock': False, 'isScreening': True, 'scrLeadTimeWeeks': 6.0, 'scrPriceRange': '< $100 / mg'}}]",CC(NC(=O)Cc1cn(Cc2ccc(F)cc2)c2ccccc12)C(=O)Nc1ccc(S(=O)(=O)Nc2nccs2)cc1,False
0.0,283.100856908,O=C(O)Cc1cn(Cc2ccc(F)cc2)c2ccccc12,,0.25994242535743034,354.45699999999977,CC(C)C(N)C(=O)Nc1ccc(S(=O)(=O)Nc2nccs2)cc1,"[{'catalogName': 'enamine_real', 'catalogId': 'Z2439370172', 'smiles': 'CC(C)C(N)C(=O)NC1=CC=C(S(=O)(=O)NC2=NC=CS2)C=C1', 'purchaseInfo': {'isBuildingBlock': False, 'isScreening': True, 'scrLeadTimeWeeks': 4.0, 'scrPriceRange': '$100-250 / mg'}}, {'catalogName': 'mcule', 'catalogId': 'MCULE-8154108573', 'smiles': 'C(NC1=CC=C(C=C1)S(=O)(=O)NC1SC=CN=1)(=O)C(C(C)C)N', 'link': 'https://mcule.com/MCULE-8154108573', 'purchaseInfo': {'isBuildingBlock': False, 'isScreening': True, 'scrLeadTimeWeeks': 6.0, 'scrPriceRange': '< $100 / mg'}}]",CC(C)C(NC(=O)Cc1cn(Cc2ccc(F)cc2)c2ccccc12)C(=O)Nc1ccc(S(=O)(=O)Nc2nccs2)cc1,False
0.0,283.100856908,O=C(O)Cc1cn(Cc2ccc(F)cc2)c2ccccc12,,0.2602961198551796,354.45699999999977,CC(C)[C@H](N)C(=O)Nc1ccc(S(=O)(=O)Nc2nccs2)cc1,"[{'catalogName': 'enamine_real', 'catalogId': 'Z2439370292', 'smiles': 'CC(C)[C@H](N)C(=O)NC1=CC=C(S(=O)(=O)NC2=NC=CS2)C=C1', 'purchaseInfo': {'isBuildingBlock': False, 'isScreening': True, 'scrLeadTimeWeeks': 4.0, 'scrPriceRange': '$100-250 / mg'}}, {'catalogName': 'mcule', 'catalogId': 'MCULE-7518408997', 'smiles': 'C(NC1=CC=C(C=C1)S(=O)(=O)NC1SC=CN=1)(=O)[C@H](C(C)C)N', 'link': 'https://mcule.com/MCULE-7518408997', 'purchaseInfo': {'isBuildingBlock': False, 'isScreening': True, 'scrLeadTimeWeeks': 6.0, 'scrPriceRange': '< $100 / mg'}}]",CC(C)[C@H](NC(=O)Cc1cn(Cc2ccc(F)cc2)c2ccccc12)C(=O)Nc1ccc(S(=O)(=O)Nc2nccs2)cc1,False
0.0,283.100856908,O=C(O)Cc1cn(Cc2ccc(F)cc2)c2ccccc12,,0.2617132669939566,269.3509999999998,Cc1csc(NS(=O)(=O)c2ccc(N)cc2)n1,"[{'catalogName': 'enamine_made', 'catalogId': 'BBV-054240', 'smiles': 'Cc1csc(NS(=O)(=O)c2ccc(N)cc2)n1', 'purchaseInfo': {'isBuildingBlock': True, 'isScreening': False, 'bbLeadTimeWeeks': 6.0, 'bbPriceRange': '$500-1k / g'}}, {'catalogName': 'emolecules', 'catalogId': '10229384', 'smiles': 'Cc1csc(NS(=O)(=O)c2ccc(N)cc2)n1', 'link': 'https://search.emolecules.com/search/#?querytype=emoleculesid&p=1&query=10229384', 'purchaseInfo': {'isBuildingBlock': True, 'isScreening': False, 'bbLeadTimeWeeks': 12.0, 'bbPriceRange': '$1k-10k / g'}}, {'catalogName': 'mcule', 'catalogId': 'MCULE-8065051019', 'smiles': 'S(=O)(=O)(C1C=CC(=CC=1)N)NC1SC=C(C)N=1', 'link': 'https://mcule.com/MCULE-8065051019', 'purchaseInfo': {'isBuildingBlock': True, 'isScreening': False, 'bbLeadTimeWeeks': 5.0, 'bbPriceRange': '> $10k / g'}}, {'catalogName': 'surechembl', 'catalogId': 'SCHEMBL564521', 'smiles': 'Cc1csc(NS(=O)(=O)c2ccc(N)cc2)n1', 'link': 'https://www.surechembl.org/chemical/SCHEMBL564521/'}, {'catalogName': 'pubchem', 'catalogId': '23674485', 'smiles': 'Cc1csc([N-]S(=O)(=O)c2ccc(N)cc2)n1.[Na+]', 'link': 'https://pubchem.ncbi.nlm.nih.gov/compound/23674485'}]",Cc1csc(NS(=O)(=O)c2ccc(NC(=O)Cc3cn(Cc4ccc(F)cc4)c4ccccc34)cc2)n1,False
0.0,283.100856908,O=C(O)Cc1cn(Cc2ccc(F)cc2)c2ccccc12,,0.26201841693433536,348.4089999999999,O=C(Nc1ccc(S(=O)(=O)Nc2nccs2)cc1)c1ccc[nH]1,"[{'catalogName': 'enamine_real', 'catalogId': 'Z95530916', 'smiles': 'O=C(NC1=CC=C(S(=O)(=O)NC2=NC=CS2)C=C1)C1=CC=CN1', 'purchaseInfo': {'isBuildingBlock': False, 'isScreening': True, 'scrLeadTimeWeeks': 4.0, 'scrPriceRange': '$100-250 / mg'}}, {'catalogName': 'mcule', 'catalogId': 'MCULE-7942537234', 'smiles': 'S(=O)(=O)(C1=CC=C(C=C1)NC(=O)C1=CC=CN1)NC1SC=CN=1', 'link': 'https://mcule.com/MCULE-7942537234', 'purchaseInfo': {'isBuildingBlock': False, 'isScreening': True, 'scrLeadTimeWeeks': 6.0, 'scrPriceRange': '< $100 / mg'}}, {'catalogName': 'mcule_ultimate', 'catalogId': 'MTXIUJUZUQYLNE-UHFFFAOYSA-N', 'smiles': 'O=C(Nc1ccc(S(=O)(=O)Nc2nccs2)cc1)c1ccc[nH]1', 'link': 'https://ultimateapp.mcule.com/search/?t=exact&q=MTXIUJUZUQYLNE-UHFFFAOYSA-N', 'purchaseInfo': {'isBuildingBlock': False, 'isScreening': True, 'scrLeadTimeWeeks': 12.0, 'scrPriceRange': '$250-500 / mg'}}, {'catalogName': 'pubchem', 'catalogId': '84429497', 'smiles': 'O=C(Nc1ccc(S(=O)(=O)Nc2nccs2)cc1)c1ccc[nH]1', 'link': 'https://pubchem.ncbi.nlm.nih.gov/compound/84429497'}]",O=C(Nc1ccc(S(=O)(=O)Nc2nccs2)cc1)c1cccn1C(=O)Cc1cn(Cc2ccc(F)cc2)c2ccccc12,False
0.0,283.100856908,O=C(O)Cc1cn(Cc2ccc(F)cc2)c2ccccc12,,0.26437979503370135,396.4789999999999,O=C(CSc1nnc[nH]1)Nc1ccc(S(=O)(=O)Nc2nccs2)cc1,"[{'catalogName': 'molport', 'catalogId': 'MolPort-002-229-116', 'smiles': 'O=C(CSc1nnc[nH]1)Nc1ccc(cc1)S(=O)(=O)Nc1nccs1', 'link': 'https://www.molport.com/shop/molecule-link/MolPort-002-229-116', 'purchaseInfo': {'isBuildingBlock': False, 'isScreening': True, 'scrLeadTimeWeeks': 2.0, 'scrPriceRange': '< $100 / mg'}}, {'catalogName': 'emolecules', 'catalogId': '2424809', 'smiles': 'O=C(CSc1nnc[nH]1)Nc1ccc(cc1)S(=O)(=O)Nc1nccs1', 'link': 'https://search.emolecules.com/search/#?querytype=emoleculesid&p=1&query=2424809', 'purchaseInfo': {'isBuildingBlock': False, 'isScreening': True, 'scrLeadTimeWeeks': 6.0, 'scrPriceRange': 'unknown'}}, {'catalogName': 'mcule', 'catalogId': 'MCULE-6118664737', 'smiles': 'S(=O)(=O)(C1=CC=C(C=C1)NC(CSC1=NN=CN1)=O)NC1SC=CN=1', 'link': 'https://mcule.com/MCULE-6118664737', 'purchaseInfo': {'isBuildingBlock': False, 'isScreening': True, 'scrLeadTimeWeeks': 4.0, 'scrPriceRange': '< $100 / mg'}}, {'catalogName': 'sigma', 'catalogId': '27795139', 'smiles': 'O=C(CSc1nnc[nH]1)Nc1ccc(S(=O)(=O)Nc2nccs2)cc1', 'link': 'https://www.aldrichmarketselect.com/list_search.php?text_stuff=27795139&listFormat=STRUCTURE_ID&init_qty=1&qty_UOM=1', 'purchaseInfo': {'isBuildingBlock': False, 'isScreening': True, 'scrLeadTimeWeeks': 2.0, 'scrPriceRange': '< $100 / mg'}}, {'catalogName': 'surechembl', 'catalogId': 'SCHEMBL15113518', 'smiles': 'O=C(CSc1nnc[nH]1)Nc1ccc(S(=O)(=O)Nc2nccs2)cc1', 'link': 'https://www.surechembl.org/chemical/SCHEMBL15113518/'}, {'catalogName': 'pubchem', 'catalogId': '2293599', 'smiles': 'O=C(CSc1ncn[nH]1)Nc1ccc(S(=O)(=O)Nc2nccs2)cc1', 'link': 'https://pubchem.ncbi.nlm.nih.gov/compound/2293599'}]",O=C(CSc1nncn1C(=O)Cc1cn(Cc2ccc(F)cc2)c2ccccc12)Nc1ccc(S(=O)(=O)Nc2nccs2)cc1,False
0.0,283.100856908,O=C(O)Cc1cn(Cc2ccc(F)cc2)c2ccccc12,,0.2710404355595338,349.39299999999986,Nc1ccc(S(=O)(=O)Nc2nc3ccc(C(=O)O)cc3s2)cc1,"[{'catalogName': 'molport', 'catalogId': 'MolPort-005-909-477', 'smiles': 'Nc1ccc(cc1)S(=O)(=O)Nc1nc2ccc(cc2s1)C(O)=O', 'link': 'https://www.molport.com/shop/molecule-link/MolPort-005-909-477', 'purchaseInfo': {'isBuildingBlock': True, 'isScreening': False, 'bbLeadTimeWeeks': 2.0, 'bbPriceRange': '$100-500 / g'}}, {'catalogName': 'emolecules', 'catalogId': '17656320', 'smiles': 'Nc1ccc(cc1)S(=O)(=O)Nc1nc2ccc(cc2s1)C(O)=O', 'link': 'https://search.emolecules.com/search/#?querytype=emoleculesid&p=1&query=17656320', 'purchaseInfo': {'isBuildingBlock': True, 'isScreening': False, 'bbLeadTimeWeeks': 4.0, 'bbPriceRange': '$500-1k / g'}}, {'catalogName': 'mcule', 'catalogId': 'MCULE-3806869451', 'smiles': 'S(=O)(=O)(C1C=CC(=CC=1)N)/N=C1\\NC2C(=CC(=CC=2)C(O)=O)S\\1', 'link': 'https://mcule.com/MCULE-3806869451', 'purchaseInfo': {'isBuildingBlock': True, 'isScreening': False, 'bbLeadTimeWeeks': 3.0, 'bbPriceRange': '$1k-10k / g'}}, {'catalogName': 'sigma', 'catalogId': '158565259', 'smiles': 'Nc1ccc(S(=O)(=O)Nc2nc3ccc(C(=O)O)cc3s2)cc1', 'link': 'https://www.aldrichmarketselect.com/list_search.php?text_stuff=158565259&listFormat=STRUCTURE_ID&init_qty=1&qty_UOM=1', 'purchaseInfo': {'isBuildingBlock': True, 'isScreening': False, 'bbLeadTimeWeeks': 2.0, 'bbPriceRange': '< $100 / g'}}, {'catalogName': 'pubchem', 'catalogId': '42481082', 'smiles': 'Nc1ccc(S(=O)(=O)Nc2nc3ccc(C(=O)O)cc3s2)cc1', 'link': 'https://pubchem.ncbi.nlm.nih.gov/compound/42481082'}]",O=C(Cc1cn(Cc2ccc(F)cc2)c2ccccc12)Nc1ccc(S(=O)(=O)Nc2nc3ccc(C(=O)O)cc3s2)cc1,False
0.0,283.100856908,O=C(O)Cc1cn(Cc2ccc(F)cc2)c2ccccc12,,0.2719293418234287,335.40999999999985,O=S(=O)(Nc1nccs1)c1ccc(NCc2ccco2)cc1,"[{'catalogName': 'emolecules', 'catalogId': '42810053', 'smiles': 'O=S(=O)(Nc1nccs1)c1ccc(NCc2ccco2)cc1', 'link': 'https://search.emolecules.com/search/#?querytype=emoleculesid&p=1&query=42810053', 'purchaseInfo': {'isBuildingBlock': False, 'isScreening': True, 'scrLeadTimeWeeks': 6.0, 'scrPriceRange': 'unknown'}}, {'catalogName': 'mcule', 'catalogId': 'MCULE-7249852553', 'smiles': 'S(=O)(=O)(C1=CC=C(C=C1)NCC1=CC=CO1)NC1SC=CN=1', 'link': 'https://mcule.com/MCULE-7249852553', 'purchaseInfo': {'isBuildingBlock': False, 'isScreening': True, 'scrLeadTimeWeeks': 9.0, 'scrPriceRange': '< $100 / mg'}}, {'catalogName': 'pubchem', 'catalogId': '102535596', 'smiles': 'O=S(=O)(Nc1nccs1)c1ccc(NCc2ccco2)cc1', 'link': 'https://pubchem.ncbi.nlm.nih.gov/compound/102535596'}]",O=C(Cc1cn(Cc2ccc(F)cc2)c2ccccc12)N(Cc1ccco1)c1ccc(S(=O)(=O)Nc2nccs2)cc1,False
0.0,283.100856908,O=C(O)Cc1cn(Cc2ccc(F)cc2)c2ccccc12,,0.27490751774728944,350.3849999999999,O=C(Nc1ccc(S(=O)(=O)Nc2nccs2)cc1)c1cn[nH]n1,"[{'catalogName': 'enamine_real', 'catalogId': 'Z2169557816', 'smiles': 'O=C(NC1=CC=C(S(=O)(=O)NC2=NC=CS2)C=C1)C1=CNN=N1', 'purchaseInfo': {'isBuildingBlock': False, 'isScreening': True, 'scrLeadTimeWeeks': 4.0, 'scrPriceRange': '$100-250 / mg'}}, {'catalogName': 'mcule_ultimate', 'catalogId': 'WKXKGDOUFHTONH-UHFFFAOYSA-N', 'smiles': 'O=C(Nc1ccc(S(=O)(=O)Nc2nccs2)cc1)c1cn[nH]n1', 'link': 'https://ultimateapp.mcule.com/search/?t=exact&q=WKXKGDOUFHTONH-UHFFFAOYSA-N', 'purchaseInfo': {'isBuildingBlock': False, 'isScreening': True, 'scrLeadTimeWeeks': 12.0, 'scrPriceRange': '$250-500 / mg'}}]",O=C(Nc1ccc(S(=O)(=O)Nc2nccs2)cc1)c1cnn(C(=O)Cc2cn(Cc3ccc(F)cc3)c3ccccc23)n1,False
0.0,283.100856908,O=C(O)Cc1cn(Cc2ccc(F)cc2)c2ccccc12,,0.27983902778878966,348.4089999999999,O=C(Nc1ccc(S(=O)(=O)Nc2nccs2)cc1)c1cc[nH]c1,"[{'catalogName': 'enamine_real', 'catalogId': 'Z2169554406', 'smiles': 'O=C(NC1=CC=C(S(=O)(=O)NC2=NC=CS2)C=C1)C1=CNC=C1', 'purchaseInfo': {'isBuildingBlock': False, 'isScreening': True, 'scrLeadTimeWeeks': 4.0, 'scrPriceRange': '$100-250 / mg'}}, {'catalogName': 'mcule_ultimate', 'catalogId': 'WLPSUASAULMSLR-UHFFFAOYSA-N', 'smiles': 'O=C(Nc1ccc(S(=O)(=O)Nc2nccs2)cc1)c1cc[nH]c1', 'link': 'https://ultimateapp.mcule.com/search/?t=exact&q=WLPSUASAULMSLR-UHFFFAOYSA-N', 'purchaseInfo': {'isBuildingBlock': False, 'isScreening': True, 'scrLeadTimeWeeks': 12.0, 'scrPriceRange': '$250-500 / mg'}}]",O=C(Nc1ccc(S(=O)(=O)Nc2nccs2)cc1)c1ccn(C(=O)Cc2cn(Cc3ccc(F)cc3)c3ccccc23)c1,False
0.0,283.100856908,O=C(O)Cc1cn(Cc2ccc(F)cc2)c2ccccc12,,0.28325045492697243,349.3969999999999,O=C(Nc1ccc(S(=O)(=O)Nc2nccs2)cc1)c1ccn[nH]1,"[{'catalogName': 'enamine_real', 'catalogId': 'Z441677248', 'smiles': 'O=C(NC1=CC=C(S(=O)(=O)NC2=NC=CS2)C=C1)C1=NNC=C1', 'purchaseInfo': {'isBuildingBlock': False, 'isScreening': True, 'scrLeadTimeWeeks': 4.0, 'scrPriceRange': '$100-250 / mg'}}, {'catalogName': 'mcule', 'catalogId': 'MCULE-7364085768', 'smiles': 'S(=O)(=O)(C1=CC=C(C=C1)NC(=O)C1C=CNN=1)NC1SC=CN=1', 'link': 'https://mcule.com/MCULE-7364085768', 'purchaseInfo': {'isBuildingBlock': False, 'isScreening': True, 'scrLeadTimeWeeks': 6.0, 'scrPriceRange': '< $100 / mg'}}, {'catalogName': 'mcule_ultimate', 'catalogId': 'CQUGWEHFZQWUED-UHFFFAOYSA-N', 'smiles': 'O=C(Nc1ccc(S(=O)(=O)Nc2nccs2)cc1)c1ccn[nH]1', 'link': 'https://ultimateapp.mcule.com/search/?t=exact&q=CQUGWEHFZQWUED-UHFFFAOYSA-N', 'purchaseInfo': {'isBuildingBlock': False, 'isScreening': True, 'scrLeadTimeWeeks': 12.0, 'scrPriceRange': '$250-500 / mg'}}]",O=C(Nc1ccc(S(=O)(=O)Nc2nccs2)cc1)c1ccnn1C(=O)Cc1cn(Cc2ccc(F)cc2)c2ccccc12,False
0.0,283.100856908,O=C(O)Cc1cn(Cc2ccc(F)cc2)c2ccccc12,,0.2913110976332987,261.27812903999995,N[13c]1[13cH][13cH][13c](S(=O)(=O)Nc2nccs2)[13cH][13cH]1,"[{'catalogName': 'enamine_bb', 'catalogId': 'EN300-18132', 'smiles': 'Nc1ccc(S(=O)(=O)Nc2nccs2)cc1', 'link': 'https://www.enaminestore.com/catalog/EN300-18132', 'purchaseInfo': {'isBuildingBlock': True, 'isScreening': False, 'bbLeadTimeWeeks': 1.0, 'bbPriceRange': '< $100 / g'}}, {'catalogName': 'molport', 'catalogId': 'MolPort-004-964-844', 'smiles': '[NaH].Nc1ccc(cc1)S(=O)(=O)Nc1nccs1', 'link': 'https://www.molport.com/shop/molecule-link/MolPort-004-964-844', 'purchaseInfo': {'isBuildingBlock': True, 'isScreening': False, 'bbLeadTimeWeeks': 1.0, 'bbPriceRange': '< $100 / g'}}, {'catalogName': 'emolecules', 'catalogId': '474324', 'smiles': 'Nc1ccc(cc1)S(=O)(=O)Nc1nccs1', 'link': 'https://search.emolecules.com/search/#?querytype=emoleculesid&p=1&query=474324', 'purchaseInfo': {'isBuildingBlock': True, 'isScreening': False, 'bbLeadTimeWeeks': 1.0, 'bbPriceRange': '< $100 / g'}}, {'catalogName': 'wuxi_bb_screening', 'catalogId': 'WXCD02506892', 'smiles': 'Nc1ccc(S(=O)(=O)[N-]c2nccs2)cc1.[Na+]', 'link': 'https://www.labnetwork.com/frontend-app/p/#!/supplier/wuxi/product/WXCD02506892', 'purchaseInfo': {'isBuildingBlock': False, 'isScreening': True, 'scrLeadTimeWeeks': 6.0, 'scrPriceRange': 'unknown'}}, {'catalogName': 'mcule', 'catalogId': 'MCULE-1370710137', 'smiles': 'S(=O)(=O)(C1=CC=C(C=C1)N)NC1SC=CN=1', 'link': 'https://mcule.com/MCULE-1370710137', 'purchaseInfo': {'isBuildingBlock': True, 'isScreening': False, 'bbLeadTimeWeeks': 3.0, 'bbPriceRange': '< $100 / g'}}, {'catalogName': 'sigma', 'catalogId': '245075517', 'smiles': 'N[13c]1[13cH][13cH][13c](S(=O)(=O)Nc2nccs2)[13cH][13cH]1', 'link': 'https://www.aldrichmarketselect.com/list_search.php?text_stuff=245075517&listFormat=STRUCTURE_ID&init_qty=1&qty_UOM=1', 'purchaseInfo': {'isBuildingBlock': False, 'isScreening': True, 'scrLeadTimeWeeks': 1.0, 'scrPriceRange': '< $100 / mg'}}, {'catalogName': 'surechembl', 'catalogId': 'SCHEMBL94165', 'smiles': 'Nc1ccc(S(=O)(=O)Nc2nccs2)cc1', 'link': 'https://www.surechembl.org/chemical/SCHEMBL94165/'}, {'catalogName': 'pubchem', 'catalogId': '71312515', 'smiles': 'N[13c]1[13cH][13cH][13c](S(=O)(=O)Nc2nccs2)[13cH][13cH]1', 'link': 'https://pubchem.ncbi.nlm.nih.gov/compound/71312515'}]",O=C(Cc1cn(Cc2ccc(F)cc2)c2ccccc12)N[13c]1[13cH][13cH][13c](S(=O)(=O)Nc2nccs2)[13cH][13cH]1,False
0.0,283.100856908,O=C(O)Cc1cn(Cc2ccc(F)cc2)c2ccccc12,,0.2941135122261307,295.3889999999998,O=S(=O)(Nc1nccs1)c1ccc2c(c1)CCCN2,"[{'catalogName': 'enamine_made', 'catalogId': 'BBV-225477', 'smiles': 'O=S(=O)(Nc1nccs1)c1ccc2c(c1)CCCN2', 'purchaseInfo': {'isBuildingBlock': True, 'isScreening': False, 'bbLeadTimeWeeks': 6.0, 'bbPriceRange': '$500-1k / g'}}, {'catalogName': 'emolecules', 'catalogId': '50057617', 'smiles': 'O=S(=O)(Nc1nccs1)c1ccc2NCCCc2c1', 'link': 'https://search.emolecules.com/search/#?querytype=emoleculesid&p=1&query=50057617', 'purchaseInfo': {'isBuildingBlock': False, 'isScreening': True, 'scrLeadTimeWeeks': 6.0, 'scrPriceRange': 'unknown'}}, {'catalogName': 'mcule', 'catalogId': 'MCULE-6207431550', 'smiles': 'S(=O)(=O)(C1C=CC2=C(CCCN2)C=1)NC1SC=CN=1', 'link': 'https://mcule.com/MCULE-6207431550', 'purchaseInfo': {'isBuildingBlock': False, 'isScreening': True, 'scrLeadTimeWeeks': 5.0, 'scrPriceRange': 'unknown'}}, {'catalogName': 'surechembl', 'catalogId': 'SCHEMBL2076638', 'smiles': 'O=S(=O)(Nc1nccs1)c1ccc2c(c1)CCCN2', 'link': 'https://www.surechembl.org/chemical/SCHEMBL2076638/'}, {'catalogName': 'pubchem', 'catalogId': '43119857', 'smiles': 'O=S(=O)(Nc1nccs1)c1ccc2c(c1)CCCN2', 'link': 'https://pubchem.ncbi.nlm.nih.gov/compound/43119857'}]",O=C(Cc1cn(Cc2ccc(F)cc2)c2ccccc12)N1CCCc2cc(S(=O)(=O)Nc3nccs3)ccc21,False
0.0,283.100856908,O=C(O)Cc1cn(Cc2ccc(F)cc2)c2ccccc12,,0.30773321921037045,519.2400000000004,O=S(=O)(Nc1nccs1)c1ccc(NCc2cc(Br)cc(Br)c2O)cc1,"[{'catalogName': 'enamine_bb', 'catalogId': 'Z2065697074', 'smiles': 'O=S(=O)(Nc1nccs1)c1ccc(NCc2cc(Br)cc(Br)c2O)cc1', 'link': 'https://www.enaminestore.com/catalog/Z2065697074', 'purchaseInfo': {'isBuildingBlock': False, 'isScreening': True, 'scrLeadTimeWeeks': 1.0, 'scrPriceRange': '< $100 / mg'}}, {'catalogName': 'molport', 'catalogId': 'MolPort-000-797-044', 'smiles': 'Oc1c(Br)cc(Br)cc1CNc1ccc(cc1)S(=O)(=O)Nc1nccs1', 'link': 'https://www.molport.com/shop/molecule-link/MolPort-000-797-044', 'purchaseInfo': {'isBuildingBlock': False, 'isScreening': True, 'scrLeadTimeWeeks': 2.0, 'scrPriceRange': '< $100 / mg'}}, {'catalogName': 'emolecules', 'catalogId': '4553813', 'smiles': 'Oc1c(Br)cc(Br)cc1CNc1ccc(cc1)S(=O)(=O)Nc1nccs1', 'link': 'https://search.emolecules.com/search/#?querytype=emoleculesid&p=1&query=4553813', 'purchaseInfo': {'isBuildingBlock': False, 'isScreening': True, 'scrLeadTimeWeeks': 6.0, 'scrPriceRange': 'unknown'}}, {'catalogName': 'mcule', 'catalogId': 'MCULE-7750959727', 'smiles': 'S(=O)(=O)(C1C=CC(=CC=1)NCC1=CC(Br)=CC(Br)=C1O)NC1SC=CN=1', 'link': 'https://mcule.com/MCULE-7750959727', 'purchaseInfo': {'isBuildingBlock': False, 'isScreening': True, 'scrLeadTimeWeeks': 3.0, 'scrPriceRange': '< $100 / mg'}}, {'catalogName': 'sigma', 'catalogId': '35039113', 'smiles': 'O=S(=O)(Nc1nccs1)c1ccc(NCc2cc(Br)cc(Br)c2O)cc1', 'link': 'https://www.aldrichmarketselect.com/list_search.php?text_stuff=35039113&listFormat=STRUCTURE_ID&init_qty=1&qty_UOM=1', 'purchaseInfo': {'isBuildingBlock': False, 'isScreening': True, 'scrLeadTimeWeeks': 1.4, 'scrPriceRange': '< $100 / mg'}}, {'catalogName': 'pubchem', 'catalogId': '1964415', 'smiles': 'O=S(=O)(Nc1nccs1)c1ccc(NCc2cc(Br)cc(Br)c2O)cc1', 'link': 'https://pubchem.ncbi.nlm.nih.gov/compound/1964415'}]",O=C(Cc1cn(Cc2ccc(F)cc2)c2ccccc12)N(Cc1cc(Br)cc(Br)c1O)c1ccc(S(=O)(=O)Nc2nccs2)cc1,True
0.0,283.100856908,O=C(O)Cc1cn(Cc2ccc(F)cc2)c2ccccc12,,0.31515547648684533,396.4789999999999,O=C(CSc1cnn[nH]1)Nc1ccc(S(=O)(=O)Nc2nccs2)cc1,"[{'catalogName': 'molport', 'catalogId': 'MolPort-044-809-304', 'smiles': 'O=C(CSc1cnn[nH]1)Nc1ccc(cc1)S(=O)(=O)Nc1nccs1', 'link': 'https://www.molport.com/shop/molecule-link/MolPort-044-809-304', 'purchaseInfo': {'isBuildingBlock': False, 'isScreening': True, 'scrLeadTimeWeeks': 3.0, 'scrPriceRange': '< $100 / mg'}}, {'catalogName': 'emolecules', 'catalogId': '259445635', 'smiles': 'O=C(CSc1cnn[nH]1)Nc1ccc(cc1)S(=O)(=O)Nc1nccs1', 'link': 'https://search.emolecules.com/search/#?querytype=emoleculesid&p=1&query=259445635', 'purchaseInfo': {'isBuildingBlock': False, 'isScreening': True, 'scrLeadTimeWeeks': 6.0, 'scrPriceRange': 'unknown'}}, {'catalogName': 'mcule', 'catalogId': 'MCULE-1338030425', 'smiles': 'N1C(=CN=N1)SCC(=O)NC1=CC=C(S(=O)(=O)NC2=NC=CS2)C=C1', 'link': 'https://mcule.com/MCULE-1338030425', 'purchaseInfo': {'isBuildingBlock': False, 'isScreening': True, 'scrLeadTimeWeeks': 3.0, 'scrPriceRange': '< $100 / mg'}}, {'catalogName': 'sigma', 'catalogId': '1060759306', 'smiles': 'O=C(CSc1cnn[nH]1)Nc1ccc(S(=O)(=O)Nc2nccs2)cc1', 'link': 'https://www.aldrichmarketselect.com/list_search.php?text_stuff=1060759306&listFormat=STRUCTURE_ID&init_qty=1&qty_UOM=1', 'purchaseInfo': {'isBuildingBlock': False, 'isScreening': True, 'scrLeadTimeWeeks': 3.0, 'scrPriceRange': '< $100 / mg'}}, {'catalogName': 'pubchem', 'catalogId': '126843730', 'smiles': 'O=C(CSc1cn[nH]n1)Nc1ccc(S(=O)(=O)Nc2nccs2)cc1', 'link': 'https://pubchem.ncbi.nlm.nih.gov/compound/126843730'}]",O=C(CSc1cnnn1C(=O)Cc1cn(Cc2ccc(F)cc2)c2ccccc12)Nc1ccc(S(=O)(=O)Nc2nccs2)cc1,False
0.0,283.100856908,O=C(O)Cc1cn(Cc2ccc(F)cc2)c2ccccc12,,0.35911469952176506,333.3979999999999,O=S(=O)(Nc1nccs1)c1ccc(Nc2ncccn2)cc1,"[{'catalogName': 'mcule', 'catalogId': 'MCULE-6123203536', 'smiles': 'S(=O)(=O)(C1C=CC(=CC=1)NC1=NC=CC=N1)NC1SC=CN=1', 'link': 'https://mcule.com/MCULE-6123203536', 'purchaseInfo': {'isBuildingBlock': False, 'isScreening': True, 'scrLeadTimeWeeks': 6.0, 'scrPriceRange': '< $100 / mg'}}, {'catalogName': 'surechembl', 'catalogId': 'SCHEMBL713988', 'smiles': 'O=S(=O)(Nc1nccs1)c1ccc(Nc2ncccn2)cc1', 'link': 'https://www.surechembl.org/chemical/SCHEMBL713988/'}, {'catalogName': 'pubchem', 'catalogId': '87146127', 'smiles': 'O=S(=O)(Nc1nccs1)c1ccc(Nc2ncccn2)cc1', 'link': 'https://pubchem.ncbi.nlm.nih.gov/compound/87146127'}]",O=C(Cc1cn(Cc2ccc(F)cc2)c2ccccc12)N(c1ccc(S(=O)(=O)Nc2nccs2)cc1)c1ncccn1,False
0.0,283.100856908,O=C(O)Cc1cn(Cc2ccc(F)cc2)c2ccccc12,,0.3709512679017999,339.48599999999965,CC(C)CC(C)Nc1ccc(S(=O)(=O)Nc2nccs2)cc1,"[{'catalogName': 'mcule', 'catalogId': 'MCULE-2365988705', 'smiles': 'S(=O)(=O)(C1C=CC(=CC=1)NC(C)CC(C)C)NC1SC=CN=1', 'link': 'https://mcule.com/MCULE-2365988705', 'purchaseInfo': {'isBuildingBlock': False, 'isScreening': True, 'scrLeadTimeWeeks': 5.0, 'scrPriceRange': 'unknown'}}]",CC(C)CC(C)N(C(=O)Cc1cn(Cc2ccc(F)cc2)c2ccccc12)c1ccc(S(=O)(=O)Nc2nccs2)cc1,False
0.0,283.100856908,O=C(O)Cc1cn(Cc2ccc(F)cc2)c2ccccc12,,0.37259902191163957,326.4029999999998,C[C@H](N)C(=O)Nc1ccc(S(=O)(=O)Nc2nccs2)cc1,"[{'catalogName': 'enamine_real', 'catalogId': 'PV-003042496384', 'smiles': 'CC(N)C(=O)NC1=CC=C(S(=O)(=O)NC2=NC=CS2)C=C1', 'purchaseInfo': {'isBuildingBlock': False, 'isScreening': True, 'scrLeadTimeWeeks': 4.0, 'scrPriceRange': '$100-250 / mg'}}, {'catalogName': 'mcule', 'catalogId': 'MCULE-5053135932', 'smiles': 'C(NC1=CC=C(C=C1)S(=O)(=O)NC1SC=CN=1)([C@H](C)N)=O', 'link': 'https://mcule.com/MCULE-5053135932', 'purchaseInfo': {'isBuildingBlock': False, 'isScreening': True, 'scrLeadTimeWeeks': 6.0, 'scrPriceRange': '< $100 / mg'}}]",C[C@H](NC(=O)Cc1cn(Cc2ccc(F)cc2)c2ccccc12)C(=O)Nc1ccc(S(=O)(=O)Nc2nccs2)cc1,False
0.0,283.100856908,O=C(O)Cc1cn(Cc2ccc(F)cc2)c2ccccc12,,0.3869540040900934,326.4029999999998,NCCC(=O)Nc1ccc(S(=O)(=O)Nc2nccs2)cc1,"[{'catalogName': 'enamine_real', 'catalogId': 'Z4949978369', 'smiles': 'NCCC(=O)NC1=CC=C(S(=O)(=O)NC2=NC=CS2)C=C1', 'purchaseInfo': {'isBuildingBlock': False, 'isScreening': True, 'scrLeadTimeWeeks': 4.0, 'scrPriceRange': '$100-250 / mg'}}, {'catalogName': 'mcule', 'catalogId': 'MCULE-3236923055', 'smiles': 'C(NC1=CC=C(C=C1)S(=O)(=O)NC1SC=CN=1)(CCN)=O', 'link': 'https://mcule.com/MCULE-3236923055', 'purchaseInfo': {'isBuildingBlock': False, 'isScreening': True, 'scrLeadTimeWeeks': 6.0, 'scrPriceRange': '< $100 / mg'}}]",O=C(Cc1cn(Cc2ccc(F)cc2)c2ccccc12)NCCC(=O)Nc1ccc(S(=O)(=O)Nc2nccs2)cc1,False
0.0,283.100856908,O=C(O)Cc1cn(Cc2ccc(F)cc2)c2ccccc12,,0.39172171280408596,345.44899999999984,O=S(=O)(Nc1nccs1)c1ccc(NCc2ccccc2)cc1,"[{'catalogName': 'emolecules', 'catalogId': '42809927', 'smiles': 'O=S(=O)(Nc1nccs1)c1ccc(NCc2ccccc2)cc1', 'link': 'https://search.emolecules.com/search/#?querytype=emoleculesid&p=1&query=42809927', 'purchaseInfo': {'isBuildingBlock': False, 'isScreening': True, 'scrLeadTimeWeeks': 6.0, 'scrPriceRange': 'unknown'}}, {'catalogName': 'mcule', 'catalogId': 'MCULE-6515237642', 'smiles': 'S(=O)(=O)(C1=CC=C(C=C1)NCC1C=CC=CC=1)NC1SC=CN=1', 'link': 'https://mcule.com/MCULE-6515237642', 'purchaseInfo': {'isBuildingBlock': False, 'isScreening': True, 'scrLeadTimeWeeks': 9.0, 'scrPriceRange': '< $100 / mg'}}, {'catalogName': 'surechembl', 'catalogId': 'SCHEMBL16646055', 'smiles': 'O=S(=O)(Nc1nccs1)c1ccc(NCc2ccccc2)cc1', 'link': 'https://www.surechembl.org/chemical/SCHEMBL16646055/'}, {'catalogName': 'pubchem', 'catalogId': '487903', 'smiles': 'O=S(=O)(Nc1nccs1)c1ccc(NCc2ccccc2)cc1', 'link': 'https://pubchem.ncbi.nlm.nih.gov/compound/487903'}]",O=C(Cc1cn(Cc2ccc(F)cc2)c2ccccc12)N(Cc1ccccc1)c1ccc(S(=O)(=O)Nc2nccs2)cc1,False
0.0,283.100856908,O=C(O)Cc1cn(Cc2ccc(F)cc2)c2ccccc12,,0.4007740767567848,295.3889999999997,Cc1csc(NS(=O)(=O)c2ccc3c(c2)CCN3)n1,"[{'catalogName': 'enamine_made', 'catalogId': 'BBV-225680', 'smiles': 'Cc1csc(NS(=O)(=O)c2ccc3c(c2)CCN3)n1', 'purchaseInfo': {'isBuildingBlock': True, 'isScreening': False, 'bbLeadTimeWeeks': 6.0, 'bbPriceRange': '$500-1k / g'}}, {'catalogName': 'emolecules', 'catalogId': '50059879', 'smiles': 'Cc1csc(NS(=O)(=O)c2ccc3NCCc3c2)n1', 'link': 'https://search.emolecules.com/search/#?querytype=emoleculesid&p=1&query=50059879', 'purchaseInfo': {'isBuildingBlock': False, 'isScreening': True, 'scrLeadTimeWeeks': 6.0, 'scrPriceRange': 'unknown'}}, {'catalogName': 'mcule', 'catalogId': 'MCULE-9493949003', 'smiles': 'S(=O)(=O)(C1C=CC2=C(CCN2)C=1)NC1SC=C(C)N=1', 'link': 'https://mcule.com/MCULE-9493949003', 'purchaseInfo': {'isBuildingBlock': False, 'isScreening': True, 'scrLeadTimeWeeks': 5.0, 'scrPriceRange': 'unknown'}}, {'catalogName': 'pubchem', 'catalogId': '43119945', 'smiles': 'Cc1csc(NS(=O)(=O)c2ccc3c(c2)CCN3)n1', 'link': 'https://pubchem.ncbi.nlm.nih.gov/compound/43119945'}]",Cc1csc(NS(=O)(=O)c2ccc3c(c2)CCN3C(=O)Cc2cn(Cc3ccc(F)cc3)c3ccccc23)n1,False
0.0,283.100856908,O=C(O)Cc1cn(Cc2ccc(F)cc2)c2ccccc12,,0.4353100556292174,354.4569999999997,NCCCCC(=O)Nc1ccc(S(=O)(=O)Nc2nccs2)cc1,"[{'catalogName': 'enamine_real', 'catalogId': 'Z2439370214', 'smiles': 'NCCCCC(=O)NC1=CC=C(S(=O)(=O)NC2=NC=CS2)C=C1', 'purchaseInfo': {'isBuildingBlock': False, 'isScreening': True, 'scrLeadTimeWeeks': 4.0, 'scrPriceRange': '$100-250 / mg'}}, {'catalogName': 'mcule', 'catalogId': 'MCULE-3991951563', 'smiles': 'C(NC1=CC=C(C=C1)S(=O)(=O)NC1SC=CN=1)(CCCCN)=O', 'link': 'https://mcule.com/MCULE-3991951563', 'purchaseInfo': {'isBuildingBlock': False, 'isScreening': True, 'scrLeadTimeWeeks': 6.0, 'scrPriceRange': '< $100 / mg'}}]",O=C(Cc1cn(Cc2ccc(F)cc2)c2ccccc12)NCCCCC(=O)Nc1ccc(S(=O)(=O)Nc2nccs2)cc1,False
0.0,283.100856908,O=C(O)Cc1cn(Cc2ccc(F)cc2)c2ccccc12,,0.44080831238782037,340.4299999999998,NCCCC(=O)Nc1ccc(S(=O)(=O)Nc2nccs2)cc1,"[{'catalogName': 'mcule', 'catalogId': 'MCULE-6088276411', 'smiles': 'C(NC1=CC=C(C=C1)S(=O)(=O)NC1SC=CN=1)(CCCN)=O', 'link': 'https://mcule.com/MCULE-6088276411', 'purchaseInfo': {'isBuildingBlock': False, 'isScreening': True, 'scrLeadTimeWeeks': 6.0, 'scrPriceRange': '< $100 / mg'}}]",O=C(Cc1cn(Cc2ccc(F)cc2)c2ccccc12)NCCCC(=O)Nc1ccc(S(=O)(=O)Nc2nccs2)cc1,False
0.0,283.100856908,O=C(O)Cc1cn(Cc2ccc(F)cc2)c2ccccc12,,0.46885392374483303,349.3969999999999,O=C(Nc1ccc(S(=O)(=O)Nc2nccs2)cc1)c1c[nH]cn1,"[{'catalogName': 'enamine_real', 'catalogId': 'Z2169555920', 'smiles': 'O=C(NC1=CC=C(S(=O)(=O)NC2=NC=CS2)C=C1)C1=CN=CN1', 'purchaseInfo': {'isBuildingBlock': False, 'isScreening': True, 'scrLeadTimeWeeks': 4.0, 'scrPriceRange': '$100-250 / mg'}}, {'catalogName': 'mcule_ultimate', 'catalogId': 'UYWLXXRRPDTCOZ-UHFFFAOYSA-N', 'smiles': 'O=C(Nc1ccc(S(=O)(=O)Nc2nccs2)cc1)c1c[nH]cn1', 'link': 'https://ultimateapp.mcule.com/search/?t=exact&q=UYWLXXRRPDTCOZ-UHFFFAOYSA-N', 'purchaseInfo': {'isBuildingBlock': False, 'isScreening': True, 'scrLeadTimeWeeks': 12.0, 'scrPriceRange': '$250-500 / mg'}}]",O=C(Nc1ccc(S(=O)(=O)Nc2nccs2)cc1)c1cn(C(=O)Cc2cn(Cc3ccc(F)cc3)c3ccccc23)cn1,False
0.0,283.100856908,O=C(O)Cc1cn(Cc2ccc(F)cc2)c2ccccc12,,0.48531283584839474,254.31600000000006,Nc1ccc(S(=O)(=O)[N-]c2nccs2)cc1,"[{'catalogName': 'molport', 'catalogId': 'MolPort-002-964-503', 'smiles': 'Nc1ccc(cc1)S(=O)(=O)N([Na])c1nccs1', 'link': 'https://www.molport.com/shop/molecule-link/MolPort-002-964-503', 'purchaseInfo': {'isBuildingBlock': True, 'isScreening': False, 'bbLeadTimeWeeks': 1.0, 'bbPriceRange': '< $100 / g'}}, {'catalogName': 'sigma', 'catalogId': '34668331', 'smiles': 'Nc1ccc(S(=O)(=O)N([Na])c2nccs2)cc1', 'link': 'https://www.aldrichmarketselect.com/list_search.php?text_stuff=34668331&listFormat=STRUCTURE_ID&init_qty=1&qty_UOM=1', 'purchaseInfo': {'isBuildingBlock': True, 'isScreening': False, 'bbLeadTimeWeeks': 1.0, 'bbPriceRange': '< $100 / g'}}]",O=C(Cc1cn(Cc2ccc(F)cc2)c2ccccc12)Nc1ccc(S(=O)(=O)[N-]c2nccs2)cc1,False
0.0,283.100856908,O=C(O)Cc1cn(Cc2ccc(F)cc2)c2ccccc12,,0.49711352024181676,342.4019999999998,N[C@@H](CO)C(=O)Nc1ccc(S(=O)(=O)Nc2nccs2)cc1,"[{'catalogName': 'mcule', 'catalogId': 'MCULE-9554120498', 'smiles': 'C(NC1=CC=C(C=C1)S(=O)(=O)NC1SC=CN=1)(=O)[C@H](CO)N', 'link': 'https://mcule.com/MCULE-9554120498', 'purchaseInfo': {'isBuildingBlock': False, 'isScreening': True, 'scrLeadTimeWeeks': 6.0, 'scrPriceRange': '< $100 / mg'}}]",O=C(Cc1cn(Cc2ccc(F)cc2)c2ccccc12)N[C@@H](CO)C(=O)Nc1ccc(S(=O)(=O)Nc2nccs2)cc1,False
0.0,283.100856908,O=C(O)Cc1cn(Cc2ccc(F)cc2)c2ccccc12,,0.5120399487750036,372.4969999999998,NCCSCC(=O)Nc1ccc(S(=O)(=O)Nc2nccs2)cc1,"[{'catalogName': 'mcule', 'catalogId': 'MCULE-9726113633', 'smiles': 'S(=O)(=O)(C1C=CC(=CC=1)NC(CSCCN)=O)NC1SC=CN=1', 'link': 'https://mcule.com/MCULE-9726113633', 'purchaseInfo': {'isBuildingBlock': False, 'isScreening': True, 'scrLeadTimeWeeks': 6.0, 'scrPriceRange': '< $100 / mg'}}, {'catalogName': 'pubchem', 'catalogId': '84552562', 'smiles': 'NCCSCC(=O)Nc1ccc(S(=O)(=O)Nc2nccs2)cc1', 'link': 'https://pubchem.ncbi.nlm.nih.gov/compound/84552562'}]",O=C(Cc1cn(Cc2ccc(F)cc2)c2ccccc12)NCCSCC(=O)Nc1ccc(S(=O)(=O)Nc2nccs2)cc1,False
0.0,283.100856908,O=C(O)Cc1cn(Cc2ccc(F)cc2)c2ccccc12,,0.6671909450026781,354.45699999999977,CCCC(N)C(=O)Nc1ccc(S(=O)(=O)Nc2nccs2)cc1,"[{'catalogName': 'enamine_real', 'catalogId': 'Z2439370287', 'smiles': 'CCCC(N)C(=O)NC1=CC=C(S(=O)(=O)NC2=NC=CS2)C=C1', 'purchaseInfo': {'isBuildingBlock': False, 'isScreening': True, 'scrLeadTimeWeeks': 4.0, 'scrPriceRange': '$100-250 / mg'}}, {'catalogName': 'mcule', 'catalogId': 'MCULE-6128262348', 'smiles': 'C(NC1=CC=C(C=C1)S(=O)(=O)NC1SC=CN=1)(C(CCC)N)=O', 'link': 'https://mcule.com/MCULE-6128262348', 'purchaseInfo': {'isBuildingBlock': False, 'isScreening': True, 'scrLeadTimeWeeks': 6.0, 'scrPriceRange': '< $100 / mg'}}]",CCCC(NC(=O)Cc1cn(Cc2ccc(F)cc2)c2ccccc12)C(=O)Nc1ccc(S(=O)(=O)Nc2nccs2)cc1,False
