smiles,submitter_name,ref_pdb,hit_names,ID,ROMol,name
Cc1nc(C(N)=O)ccc1NC(=O)Cc1csc(-c2cccc(Cl)c2)n1,JTHorton/DJCole,x0554_0A,"x0310_0A,x0556_0A",PV_002587416927,<rdkit.Chem.rdchem.Mol object at 0x1754e8580>,horton_fegrow_elab_PV_002587416927
Cc1nc(C(N)=O)ccc1NC(=O)C(=O)N1CCC[C@H](N2CC(C)(C)C2)C1,JTHorton/DJCole,x0554_0A,"x0310_0A,x0556_0A",PV_005785093884,<rdkit.Chem.rdchem.Mol object at 0x1754e87b0>,horton_fegrow_elab_PV_005785093884
Cc1nc(C(N)=O)ccc1NC(=O)C(=O)N1CC[C@]12CCCC(C)(C)C2,JTHorton/DJCole,x0554_0A,"x0310_0A,x0556_0A",PV_006138336038,<rdkit.Chem.rdchem.Mol object at 0x1754e8ba0>,horton_fegrow_elab_PV_006138336038
Cc1nc(C(N)=O)ccc1NC(=O)[C@@H]1CCc2[nH]nc(C(F)(F)F)c2C1,JTHorton/DJCole,x0554_0A,"x0310_0A,x0556_0A",PV_005380951770,<rdkit.Chem.rdchem.Mol object at 0x1754e8ac0>,horton_fegrow_elab_PV_005380951770
Cc1nc(C(N)=O)ccc1NC(=O)[C@@H](N)Cc1cc(F)c(F)c(F)c1F,JTHorton/DJCole,x0554_0A,"x0310_0A,x0556_0A",PV_006953592007,<rdkit.Chem.rdchem.Mol object at 0x1754e89e0>,horton_fegrow_elab_PV_006953592007
COc1cccc(-c2nc(CC(=O)Nc3ccc(C(N)=O)nc3C)cs2)c1,JTHorton/DJCole,x0554_0A,"x0310_0A,x0556_0A",PV_002339738638,<rdkit.Chem.rdchem.Mol object at 0x1754e8900>,horton_fegrow_elab_PV_002339738638
Cc1nc(C(N)=O)ccc1NC(=O)C(=O)N1CC[C@@H]2CCCCC[C@@H]2C1,JTHorton/DJCole,x0554_0A,"x0310_0A,x0556_0A",PV_005434828557,<rdkit.Chem.rdchem.Mol object at 0x1754e8820>,horton_fegrow_elab_PV_005434828557
Cc1nc(C(N)=O)ccc1NC(=O)C(=O)N1CCOC2(CCSCC2)CC1,JTHorton/DJCole,x0554_0A,"x0310_0A,x0556_0A",PV_005174136580,<rdkit.Chem.rdchem.Mol object at 0x1754e8c10>,horton_fegrow_elab_PV_005174136580
Cc1nc(C(N)=O)ccc1NC(=O)[C@@H]1CCCN(Cc2cccc(F)c2)C1,JTHorton/DJCole,x0554_0A,"x0310_0A,x0556_0A",Z2963611444,<rdkit.Chem.rdchem.Mol object at 0x1754e8cf0>,horton_fegrow_elab_Z2963611444
Cc1nc(C(N)=O)ccc1N1C(=O)N[C@@H](Cc2cc(Cl)cc(Cl)c2)C1=O,JTHorton/DJCole,x0554_0A,"x0310_0A,x0556_0A",PV_005860342613,<rdkit.Chem.rdchem.Mol object at 0x1754e8430>,horton_fegrow_elab_PV_005860342613
Cc1nc(C(N)=O)ccc1NC(=O)C(=O)N1CCC[C@H](CN(C)C(C)C)C1,JTHorton/DJCole,x0554_0A,"x0310_0A,x0556_0A",PV_005098896000,<rdkit.Chem.rdchem.Mol object at 0x1754e8350>,horton_fegrow_elab_PV_005098896000
Cc1nc(C(N)=O)ccc1NC(=O)Cc1csc(-c2cccc(F)c2)n1,JTHorton/DJCole,x0554_0A,"x0310_0A,x0556_0A",PV_002245039022,<rdkit.Chem.rdchem.Mol object at 0x1754e8e40>,horton_fegrow_elab_PV_002245039022
Cc1nc(C(N)=O)ccc1NC(=O)C(=O)N1CCc2ccccc2[C@@H](C)C1,JTHorton/DJCole,x0554_0A,"x0310_0A,x0556_0A",PV_005424219743,<rdkit.Chem.rdchem.Mol object at 0x1754e8f90>,horton_fegrow_elab_PV_005424219743
Cc1nc(C(N)=O)ccc1NC(=O)C(F)(F)n1cc(-c2ccccc2)nn1,JTHorton/DJCole,x0554_0A,"x0310_0A,x0556_0A",PV_002449833065,<rdkit.Chem.rdchem.Mol object at 0x1754e8510>,horton_fegrow_elab_PV_002449833065
Cc1nc(C(N)=O)ccc1NC(=O)Cc1csc(CCC(F)(F)F)n1,JTHorton/DJCole,x0554_0A,"x0310_0A,x0556_0A",Z2963612941,<rdkit.Chem.rdchem.Mol object at 0x1754e8040>,horton_fegrow_elab_Z2963612941
Cc1nc(C(N)=O)ccc1NC(=O)Cc1nc(-c2cccs2)oc1C,JTHorton/DJCole,x0554_0A,"x0310_0A,x0556_0A",PV_002186254190,<rdkit.Chem.rdchem.Mol object at 0x1754e8120>,horton_fegrow_elab_PV_002186254190
Cc1ccc([C@H]2CCN(C(=O)C(=O)Nc3ccc(C(N)=O)nc3C)C2)c(C)c1,JTHorton/DJCole,x0554_0A,"x0310_0A,x0556_0A",PV_004779575768,<rdkit.Chem.rdchem.Mol object at 0x1754e8190>,horton_fegrow_elab_PV_004779575768
Cc1nc(C(N)=O)ccc1NC(=O)COc1ccc(Cl)c2cccnc12,JTHorton/DJCole,x0554_0A,"x0310_0A,x0556_0A",PV_002452193392,<rdkit.Chem.rdchem.Mol object at 0x1754e8200>,horton_fegrow_elab_PV_002452193392
Cc1nc(C(N)=O)ccc1NC(=O)COc1cccc2c1OC(C)(C)C2,JTHorton/DJCole,x0554_0A,"x0310_0A,x0556_0A",PV_002349966746,<rdkit.Chem.rdchem.Mol object at 0x1754e0270>,horton_fegrow_elab_PV_002349966746
Cc1nc(C(N)=O)ccc1NC(=O)Cc1ccc2oc3ccccc3c2c1,JTHorton/DJCole,x0554_0A,"x0310_0A,x0556_0A",PV_003186466265,<rdkit.Chem.rdchem.Mol object at 0x1754e00b0>,horton_fegrow_elab_PV_003186466265
Cc1nc(C(N)=O)ccc1NC(=O)Cn1cnc2c(C)cccc2c1=O,JTHorton/DJCole,x0554_0A,"x0310_0A,x0556_0A",PV_002581766471,<rdkit.Chem.rdchem.Mol object at 0x1754e0a50>,horton_fegrow_elab_PV_002581766471
Cc1nc(C(N)=O)ccc1NC(=O)C(=O)N1CCSC2(CCC2)CC1,JTHorton/DJCole,x0554_0A,"x0310_0A,x0556_0A",PV_006328156824,<rdkit.Chem.rdchem.Mol object at 0x1754e0900>,horton_fegrow_elab_PV_006328156824
Cc1nc(C(N)=O)ccc1NC(=O)Cn1nc(C(F)F)c2c1CCC2,JTHorton/DJCole,x0554_0A,"x0310_0A,x0556_0A",PV_003885514842,<rdkit.Chem.rdchem.Mol object at 0x1754e0ba0>,horton_fegrow_elab_PV_003885514842
Cc1nc(C(N)=O)ccc1NC(=O)C(=O)N1CCC[C@H](COC(F)(F)F)C1,JTHorton/DJCole,x0554_0A,"x0310_0A,x0556_0A",PV_005988638971,<rdkit.Chem.rdchem.Mol object at 0x1754e0c80>,horton_fegrow_elab_PV_005988638971
Cc1cc(C)n(-c2ccc(CC(=O)Nc3ccc(C(N)=O)nc3C)cc2)n1,JTHorton/DJCole,x0554_0A,"x0310_0A,x0556_0A",PV_002163684767,<rdkit.Chem.rdchem.Mol object at 0x1754e0ac0>,horton_fegrow_elab_PV_002163684767
COc1ccc2c(c1)nc(CC(=O)Nc1ccc(C(N)=O)nc1C)n2C,JTHorton/DJCole,x0554_0A,"x0310_0A,x0556_0A",PV_003369536933,<rdkit.Chem.rdchem.Mol object at 0x1754e0820>,horton_fegrow_elab_PV_003369536933
Cc1nc(C(N)=O)ccc1NC(=O)Cn1cnc2c1CCNC21CCOCC1,JTHorton/DJCole,x0554_0A,"x0310_0A,x0556_0A",Z3063658755,<rdkit.Chem.rdchem.Mol object at 0x1754e0740>,horton_fegrow_elab_Z3063658755
Cc1nc(C(N)=O)ccc1NC(=O)Cn1cnc2ccc(F)cc2c1=O,JTHorton/DJCole,x0554_0A,"x0310_0A,x0556_0A",PV_002460843922,<rdkit.Chem.rdchem.Mol object at 0x1754e09e0>,horton_fegrow_elab_PV_002460843922
Cc1nc(C(N)=O)ccc1NC(=O)C(=O)N(C)[C@@H](C)[C@H]1Cc2ccccc21,JTHorton/DJCole,x0554_0A,"x0310_0A,x0556_0A",PV_004499153601,<rdkit.Chem.rdchem.Mol object at 0x1754e0200>,horton_fegrow_elab_PV_004499153601
Cc1cccc(-c2nc(CC(=O)Nc3ccc(C(N)=O)nc3C)cs2)c1,JTHorton/DJCole,x0554_0A,"x0310_0A,x0556_0A",PV_002404918257,<rdkit.Chem.rdchem.Mol object at 0x1754e0350>,horton_fegrow_elab_PV_002404918257
Cc1nc(C(N)=O)ccc1NC(=O)C(=O)N1CCS[C@H](c2ccccc2)C1,JTHorton/DJCole,x0554_0A,"x0310_0A,x0556_0A",PV_005204095633,<rdkit.Chem.rdchem.Mol object at 0x1754e0430>,horton_fegrow_elab_PV_005204095633
Cc1nc(C(N)=O)ccc1NC(=O)CCn1cnc2cc(F)c(F)cc21,JTHorton/DJCole,x0554_0A,"x0310_0A,x0556_0A",PV_003457488903,<rdkit.Chem.rdchem.Mol object at 0x1754e07b0>,horton_fegrow_elab_PV_003457488903
Cc1nc(C(N)=O)ccc1NC(=O)C(=O)N1CCC[C@H](C2CCC2)CC1,JTHorton/DJCole,x0554_0A,"x0310_0A,x0556_0A",PV_004765057047,<rdkit.Chem.rdchem.Mol object at 0x1754e0510>,horton_fegrow_elab_PV_004765057047
Cc1nc(C(N)=O)ccc1NC(=O)[C@@H]1CCc2nnc(C(C)(C)C)n2C1,JTHorton/DJCole,x0554_0A,"x0310_0A,x0556_0A",PV_003347859838,<rdkit.Chem.rdchem.Mol object at 0x1754e0580>,horton_fegrow_elab_PV_003347859838
Cc1nc(C(N)=O)ccc1NC(=O)Cc1csc(C2CCNCC2)n1,JTHorton/DJCole,x0554_0A,"x0310_0A,x0556_0A",PV_003105193606,<rdkit.Chem.rdchem.Mol object at 0x1754e0660>,horton_fegrow_elab_PV_003105193606
Cc1nc(C(N)=O)ccc1NC(=O)Cc1nnn(-c2ccccc2)c1C,JTHorton/DJCole,x0554_0A,"x0310_0A,x0556_0A",PV_002177526071,<rdkit.Chem.rdchem.Mol object at 0x1754e0f90>,horton_fegrow_elab_PV_002177526071
Cc1nc(C(N)=O)ccc1NC(=O)COc1ccc(Cl)c(C(F)(F)F)c1,JTHorton/DJCole,x0554_0A,"x0310_0A,x0556_0A",PV_006832657594,<rdkit.Chem.rdchem.Mol object at 0x1754e0b30>,horton_fegrow_elab_PV_006832657594
CC[C@H]1CC[C@]2(CCN2C(=O)C(=O)Nc2ccc(C(N)=O)nc2C)CC1,JTHorton/DJCole,x0554_0A,"x0310_0A,x0556_0A",PV_004689147335,<rdkit.Chem.rdchem.Mol object at 0x1754e02e0>,horton_fegrow_elab_PV_004689147335
Cc1nc(C(N)=O)ccc1NC(=O)C(=O)N1CCC[C@H](N2CCCC2)C1,JTHorton/DJCole,x0554_0A,"x0310_0A,x0556_0A",PV_004236478451,<rdkit.Chem.rdchem.Mol object at 0x1754e0890>,horton_fegrow_elab_PV_004236478451
Cc1nc(C(N)=O)ccc1NC(=O)C(=O)N1CCC12CCC(F)(F)CC2,JTHorton/DJCole,x0554_0A,"x0310_0A,x0556_0A",PV_005340944088,<rdkit.Chem.rdchem.Mol object at 0x1754e0d60>,horton_fegrow_elab_PV_005340944088
Cc1nc(C(N)=O)ccc1NC(=O)C(=O)N1CC[C@@H](C(F)(F)F)O[C@H](C)C1,JTHorton/DJCole,x0554_0A,"x0310_0A,x0556_0A",PV_005529932720,<rdkit.Chem.rdchem.Mol object at 0x1754e0e40>,horton_fegrow_elab_PV_005529932720
Cc1nc(C(N)=O)ccc1NC(=O)Cc1nnn(-c2cccc(Cl)c2)c1C,JTHorton/DJCole,x0554_0A,"x0310_0A,x0556_0A",PV_002587062244,<rdkit.Chem.rdchem.Mol object at 0x1754e0eb0>,horton_fegrow_elab_PV_002587062244
Cc1nc(C(N)=O)ccc1NC(=O)Cc1ccc2c(c1)CCCS2(=O)=O,JTHorton/DJCole,x0554_0A,"x0310_0A,x0556_0A",PV_006815401967,<rdkit.Chem.rdchem.Mol object at 0x1754ea040>,horton_fegrow_elab_PV_006815401967
Cc1nc(C(N)=O)ccc1NC(=O)Cc1nc(-c2ccccc2)cs1,JTHorton/DJCole,x0554_0A,"x0310_0A,x0556_0A",PV_002493483365,<rdkit.Chem.rdchem.Mol object at 0x1754ea0b0>,horton_fegrow_elab_PV_002493483365
Cc1nc(C(N)=O)ccc1NC(=O)C(=O)N1CCO[C@H](c2cccc(F)c2)C1,JTHorton/DJCole,x0554_0A,"x0310_0A,x0556_0A",PV_005204124149,<rdkit.Chem.rdchem.Mol object at 0x1754ea120>,horton_fegrow_elab_PV_005204124149
Cc1cn(CC(=O)Nc2ccc(C(N)=O)nc2C)nc1C(F)(F)F,JTHorton/DJCole,x0554_0A,"x0310_0A,x0556_0A",PV_002173200500,<rdkit.Chem.rdchem.Mol object at 0x1754ea190>,horton_fegrow_elab_PV_002173200500
Cc1nc(C(N)=O)ccc1NC(=O)Cc1cnn(-c2ccccc2)n1,JTHorton/DJCole,x0554_0A,"x0310_0A,x0556_0A",Z4093734167,<rdkit.Chem.rdchem.Mol object at 0x1754ea270>,horton_fegrow_elab_Z4093734167
Cc1nc(C(N)=O)ccc1N1C(=O)N[C@@H](Cc2ccc(F)c(Cl)c2)C1=O,JTHorton/DJCole,x0554_0A,"x0310_0A,x0556_0A",PV_004336823406,<rdkit.Chem.rdchem.Mol object at 0x1754ea2e0>,horton_fegrow_elab_PV_004336823406
Cc1nc(C(N)=O)ccc1N1C(=O)N[C@@H](Cc2ccc(F)c(Cl)c2)C1=O,JTHorton/DJCole,x0554_0A,"x0310_0A,x0556_0A",PV_006749586224,<rdkit.Chem.rdchem.Mol object at 0x1754ea350>,horton_fegrow_elab_PV_006749586224
Cc1nc(C(N)=O)ccc1NC(=O)C(=O)N(C)Cc1cc(F)c(F)c(F)c1,JTHorton/DJCole,x0554_0A,"x0310_0A,x0556_0A",PV_005120657118,<rdkit.Chem.rdchem.Mol object at 0x1754ea430>,horton_fegrow_elab_PV_005120657118
Cc1ccc(-n2nnc(CC(=O)Nc3ccc(C(N)=O)nc3C)c2C)cc1,JTHorton/DJCole,x0554_0A,"x0310_0A,x0556_0A",PV_002513347605,<rdkit.Chem.rdchem.Mol object at 0x1754ea510>,horton_fegrow_elab_PV_002513347605
Cc1nc(C(N)=O)ccc1NC(=O)C(=O)N1CC[C@]2(C1)CC(F)(F)C2(F)F,JTHorton/DJCole,x0554_0A,"x0310_0A,x0556_0A",PV_005951795648,<rdkit.Chem.rdchem.Mol object at 0x1754ea5f0>,horton_fegrow_elab_PV_005951795648
Cc1nc(C(N)=O)ccc1NC(=O)C(=O)N1[C@@H]2CC[C@H]1C[C@H](CCF)C2,JTHorton/DJCole,x0554_0A,"x0310_0A,x0556_0A",PV_006225949351,<rdkit.Chem.rdchem.Mol object at 0x1754ea660>,horton_fegrow_elab_PV_006225949351
Cc1nc(C(N)=O)ccc1NC(=O)[C@@H]1CC(=O)N(Cc2ccccc2F)C1,JTHorton/DJCole,x0554_0A,"x0310_0A,x0556_0A",PV_002566908948,<rdkit.Chem.rdchem.Mol object at 0x1754ea740>,horton_fegrow_elab_PV_002566908948
Cc1nc(C(N)=O)ccc1NC(=O)C(=O)N1CCCCC2(CCCC2)C1,JTHorton/DJCole,x0554_0A,"x0310_0A,x0556_0A",PV_006137411783,<rdkit.Chem.rdchem.Mol object at 0x1754ea820>,horton_fegrow_elab_PV_006137411783
Cc1nc(C(N)=O)ccc1NC(=O)Cc1sc(SC(F)(F)F)nc1C,JTHorton/DJCole,x0554_0A,"x0310_0A,x0556_0A",Z2963612307,<rdkit.Chem.rdchem.Mol object at 0x1754ea900>,horton_fegrow_elab_Z2963612307
Cc1nc(C(N)=O)ccc1NC(=O)[C@@H]1CCc2nnc(C(F)(F)F)n2C1,JTHorton/DJCole,x0554_0A,"x0310_0A,x0556_0A",PV_006667053158,<rdkit.Chem.rdchem.Mol object at 0x1754ea970>,horton_fegrow_elab_PV_006667053158
CCC[C@H]1CCCN(C(=O)C(=O)Nc2ccc(C(N)=O)nc2C)CC1,JTHorton/DJCole,x0554_0A,"x0310_0A,x0556_0A",PV_006465844324,<rdkit.Chem.rdchem.Mol object at 0x1754ea9e0>,horton_fegrow_elab_PV_006465844324
Cc1nc(C(N)=O)ccc1NC(=O)C(=O)N1CC[C@]2(CCOCC2)[C@@]12CC2,JTHorton/DJCole,x0554_0A,"x0310_0A,x0556_0A",PV_004640876342,<rdkit.Chem.rdchem.Mol object at 0x1754eaac0>,horton_fegrow_elab_PV_004640876342
Cc1nc(C(N)=O)ccc1NC(=O)Cc1nnc(-c2ccccc2)n1C,JTHorton/DJCole,x0554_0A,"x0310_0A,x0556_0A",PV_002348888069,<rdkit.Chem.rdchem.Mol object at 0x1754eab30>,horton_fegrow_elab_PV_002348888069
Cc1nc(C(N)=O)ccc1NC(=O)C(=O)N(C)C[C@@H](C)c1ccc(F)cc1F,JTHorton/DJCole,x0554_0A,"x0310_0A,x0556_0A",PV_005597907196,<rdkit.Chem.rdchem.Mol object at 0x1754eac10>,horton_fegrow_elab_PV_005597907196
Cc1nc(C(N)=O)ccc1N1C(=O)[C@H](Cc2ccccc2)N(C2CC2)C1=O,JTHorton/DJCole,x0554_0A,"x0310_0A,x0556_0A",Z4929912873,<rdkit.Chem.rdchem.Mol object at 0x1754eac80>,horton_fegrow_elab_Z4929912873
Cc1nc(C(N)=O)ccc1NC(=O)Cc1nc(C2CCCCC2)cs1,JTHorton/DJCole,x0554_0A,"x0310_0A,x0556_0A",Z3368369395,<rdkit.Chem.rdchem.Mol object at 0x1754ead60>,horton_fegrow_elab_Z3368369395
Cc1nc(-c2ccc(CC(=O)Nc3ccc(C(N)=O)nc3C)cc2)cs1,JTHorton/DJCole,x0554_0A,"x0310_0A,x0556_0A",PV_002111057315,<rdkit.Chem.rdchem.Mol object at 0x1754eae40>,horton_fegrow_elab_PV_002111057315
Cc1nc(C(N)=O)ccc1NC(=O)C(F)(F)c1cnc(C(F)(F)F)s1,JTHorton/DJCole,x0554_0A,"x0310_0A,x0556_0A",PV_007165131759,<rdkit.Chem.rdchem.Mol object at 0x1754eaeb0>,horton_fegrow_elab_PV_007165131759
Cc1nc(C(N)=O)ccc1NC(=O)CCCCc1nc2ccccc2s1,JTHorton/DJCole,x0554_0A,"x0310_0A,x0556_0A",Z2963611264,<rdkit.Chem.rdchem.Mol object at 0x1754eaf20>,horton_fegrow_elab_Z2963611264
Cc1nc(C(N)=O)ccc1N1C(=O)N[C@@H](Cc2cn(C)c3ccccc23)C1=O,JTHorton/DJCole,x0554_0A,"x0310_0A,x0556_0A",PV_006826917046,<rdkit.Chem.rdchem.Mol object at 0x1754eaf90>,horton_fegrow_elab_PV_006826917046
C=CCN1C(=O)N(c2ccc(C(N)=O)nc2C)C(=O)[C@@H]1Cc1ccccc1,JTHorton/DJCole,x0554_0A,"x0310_0A,x0556_0A",PV_004330561620,<rdkit.Chem.rdchem.Mol object at 0x1754e9040>,horton_fegrow_elab_PV_004330561620
Cc1nc(C(N)=O)ccc1NC(=O)Cc1cn2cc(F)ccc2n1,JTHorton/DJCole,x0554_0A,"x0310_0A,x0556_0A",PV_002600303511,<rdkit.Chem.rdchem.Mol object at 0x1754e9120>,horton_fegrow_elab_PV_002600303511
Cc1nc(C(N)=O)ccc1NC(=O)CCCn1c(C)nc2ccccc2c1=O,JTHorton/DJCole,x0554_0A,"x0310_0A,x0556_0A",PV_002359752511,<rdkit.Chem.rdchem.Mol object at 0x1754e9200>,horton_fegrow_elab_PV_002359752511
Cc1nc(C(N)=O)ccc1NC(=O)Cc1noc2ccc(Br)cc12,JTHorton/DJCole,x0554_0A,"x0310_0A,x0556_0A",PV_002591519504,<rdkit.Chem.rdchem.Mol object at 0x1754e9270>,horton_fegrow_elab_PV_002591519504
Cc1nc(C(N)=O)ccc1NC(=O)C(=O)N1CCC=C(c2ccncc2)C1,JTHorton/DJCole,x0554_0A,"x0310_0A,x0556_0A",PV_004333970718,<rdkit.Chem.rdchem.Mol object at 0x1754e92e0>,horton_fegrow_elab_PV_004333970718
CCn1c(SCC(=O)Nc2ccc(C(N)=O)nc2C)nc2ccccc21,JTHorton/DJCole,x0554_0A,"x0310_0A,x0556_0A",PV_002380914315,<rdkit.Chem.rdchem.Mol object at 0x1754e9350>,horton_fegrow_elab_PV_002380914315
Cc1nc(C(N)=O)ccc1NC(=O)[C@H](F)C1CCN(C(=O)OC(C)(C)C)CC1,JTHorton/DJCole,x0554_0A,"x0310_0A,x0556_0A",PV_005263276750,<rdkit.Chem.rdchem.Mol object at 0x1754e93c0>,horton_fegrow_elab_PV_005263276750
Cc1nc(C(N)=O)ccc1NC(=O)Cc1cccc(N2CCCC2=O)c1,JTHorton/DJCole,x0554_0A,"x0310_0A,x0556_0A",PV_002248520470,<rdkit.Chem.rdchem.Mol object at 0x1754e9430>,horton_fegrow_elab_PV_002248520470
Cc1nc(C(N)=O)ccc1NC(=O)C(=O)N1CCO[C@H](c2ccsc2)C1,JTHorton/DJCole,x0554_0A,"x0310_0A,x0556_0A",PV_004207030207,<rdkit.Chem.rdchem.Mol object at 0x1754e9510>,horton_fegrow_elab_PV_004207030207
Cc1nc(C(N)=O)ccc1NC(=O)Cn1cc(-c2ccccc2)c(C)n1,JTHorton/DJCole,x0554_0A,"x0310_0A,x0556_0A",PV_002549282523,<rdkit.Chem.rdchem.Mol object at 0x1754e9580>,horton_fegrow_elab_PV_002549282523
Cc1nc(C(N)=O)ccc1NC(=O)[C@@H](C)Cc1ccc(F)c(Br)c1,JTHorton/DJCole,x0554_0A,"x0310_0A,x0556_0A",PV_002491157919,<rdkit.Chem.rdchem.Mol object at 0x1754e9660>,horton_fegrow_elab_PV_002491157919
Cc1nc(C(N)=O)ccc1NC(=O)Cc1sc(CC(F)(F)F)nc1C,JTHorton/DJCole,x0554_0A,"x0310_0A,x0556_0A",Z2963613067,<rdkit.Chem.rdchem.Mol object at 0x1754e96d0>,horton_fegrow_elab_Z2963613067
Cc1nc(C(N)=O)ccc1NC(=O)[C@@H]1CCCN(CC(F)(F)F)C1=O,JTHorton/DJCole,x0554_0A,"x0310_0A,x0556_0A",PV_002089342102,<rdkit.Chem.rdchem.Mol object at 0x1754e97b0>,horton_fegrow_elab_PV_002089342102
Cc1nc(C(N)=O)ccc1NC(=O)Cc1cnn(-c2ccccc2)c1,JTHorton/DJCole,x0554_0A,"x0310_0A,x0556_0A",PV_002446269964,<rdkit.Chem.rdchem.Mol object at 0x1754e9820>,horton_fegrow_elab_PV_002446269964
Cc1nc(C(N)=O)ccc1NC(=O)Cc1coc(-c2cccs2)n1,JTHorton/DJCole,x0554_0A,"x0310_0A,x0556_0A",PV_002434345361,<rdkit.Chem.rdchem.Mol object at 0x1754e9900>,horton_fegrow_elab_PV_002434345361
Cc1nc(C(N)=O)ccc1NC(=O)Cc1cn2cccc(C)c2n1,JTHorton/DJCole,x0554_0A,"x0310_0A,x0556_0A",PV_002226515233,<rdkit.Chem.rdchem.Mol object at 0x1754e9970>,horton_fegrow_elab_PV_002226515233
Cc1cccc([C@@H]2CN(C(=O)C(=O)Nc3ccc(C(N)=O)nc3C)CCO2)c1,JTHorton/DJCole,x0554_0A,"x0310_0A,x0556_0A",PV_006826181464,<rdkit.Chem.rdchem.Mol object at 0x1754e99e0>,horton_fegrow_elab_PV_006826181464
Cc1nc(C(N)=O)ccc1NC(=O)[C@@H]1CCCN(C(=O)N2CCCC2)C1,JTHorton/DJCole,x0554_0A,"x0310_0A,x0556_0A",PV_002401577978,<rdkit.Chem.rdchem.Mol object at 0x1754e9a50>,horton_fegrow_elab_PV_002401577978
Cc1nc(C(N)=O)ccc1NC(=O)[C@H](C)c1cnn(C)c1C(F)(F)F,JTHorton/DJCole,x0554_0A,"x0310_0A,x0556_0A",PV_007154186718,<rdkit.Chem.rdchem.Mol object at 0x1754e9b30>,horton_fegrow_elab_PV_007154186718
Cc1nc(C(N)=O)ccc1N1C(=O)N[C@@H](Cc2cc3ccccc3o2)C1=O,JTHorton/DJCole,x0554_0A,"x0310_0A,x0556_0A",PV_004532831214,<rdkit.Chem.rdchem.Mol object at 0x1754e9c10>,horton_fegrow_elab_PV_004532831214
CCN1CCC[C@H]1CN1C[C@H](C(=O)Nc2ccc(C(N)=O)nc2C)CC1=O,JTHorton/DJCole,x0554_0A,"x0310_0A,x0556_0A",PV_002538578582,<rdkit.Chem.rdchem.Mol object at 0x1754e9cf0>,horton_fegrow_elab_PV_002538578582
Cc1nc(C(N)=O)ccc1NC(=O)Cc1cn2c(C)cncc2n1,JTHorton/DJCole,x0554_0A,"x0310_0A,x0556_0A",PV_003754387956,<rdkit.Chem.rdchem.Mol object at 0x1754e9dd0>,horton_fegrow_elab_PV_003754387956
Cc1nc(C(N)=O)ccc1NC(=O)Cc1csc(-c2ccccc2Cl)n1,JTHorton/DJCole,x0554_0A,"x0310_0A,x0556_0A",PV_002326178849,<rdkit.Chem.rdchem.Mol object at 0x1754e9eb0>,horton_fegrow_elab_PV_002326178849
Cc1nc(C(N)=O)ccc1NC(=O)CNC(=O)Cc1cccc2ccccc12,JTHorton/DJCole,x0554_0A,"x0310_0A,x0556_0A",PV_002427943512,<rdkit.Chem.rdchem.Mol object at 0x1754e9f20>,horton_fegrow_elab_PV_002427943512
Cc1nc(C(N)=O)ccc1NC(=O)CCC[C@]12C[C@H]3C[C@H](C[C@H](C3)C1)C2,JTHorton/DJCole,x0554_0A,"x0310_0A,x0556_0A",PV_006772858388,<rdkit.Chem.rdchem.Mol object at 0x1754e9f90>,horton_fegrow_elab_PV_006772858388
Cc1nc(C(N)=O)ccc1NC(=O)Cc1cc(-c2ccccc2Cl)on1,JTHorton/DJCole,x0554_0A,"x0310_0A,x0556_0A",PV_004520465846,<rdkit.Chem.rdchem.Mol object at 0x1754ec040>,horton_fegrow_elab_PV_004520465846
Cc1nc(C(N)=O)ccc1NC(=O)CC[C@@H]1Cc2ccccc2NC1=O,JTHorton/DJCole,x0554_0A,"x0310_0A,x0556_0A",PV_002101520765,<rdkit.Chem.rdchem.Mol object at 0x1754ec120>,horton_fegrow_elab_PV_002101520765
Cc1nc(C(N)=O)ccc1NC(=O)COc1cccc2cccnc12,JTHorton/DJCole,x0554_0A,"x0310_0A,x0556_0A",PV_002547923276,<rdkit.Chem.rdchem.Mol object at 0x1754ec190>,horton_fegrow_elab_PV_002547923276
Cc1nc(C(N)=O)ccc1NC(=O)Cn1cnc(-c2ccccc2)cc1=O,JTHorton/DJCole,x0554_0A,"x0310_0A,x0556_0A",PV_002320873923,<rdkit.Chem.rdchem.Mol object at 0x1754ec200>,horton_fegrow_elab_PV_002320873923
CCc1ccc([C@H]2CCCN2C(=O)C(=O)Nc2ccc(C(N)=O)nc2C)o1,JTHorton/DJCole,x0554_0A,"x0310_0A,x0556_0A",PV_005784389644,<rdkit.Chem.rdchem.Mol object at 0x1754ec270>,horton_fegrow_elab_PV_005784389644
Cc1nc(C(N)=O)ccc1NC(=O)CCCc1c[nH]c2ccccc12,JTHorton/DJCole,x0554_0A,"x0310_0A,x0556_0A",PV_002245628273,<rdkit.Chem.rdchem.Mol object at 0x1754ec2e0>,horton_fegrow_elab_PV_002245628273
Cc1nc(C(N)=O)ccc1NC(=O)C(=O)N1CCCCC2(CCCCC2)C1,JTHorton/DJCole,x0554_0A,"x0310_0A,x0556_0A",PV_005832151377,<rdkit.Chem.rdchem.Mol object at 0x1754ec3c0>,horton_fegrow_elab_PV_005832151377
Cc1nc(C(N)=O)ccc1NC(=O)C(=O)N1CCc2ccc(F)cc21,JTHorton/DJCole,x0554_0A,"x0310_0A,x0556_0A",PV_006682154812,<rdkit.Chem.rdchem.Mol object at 0x1754ec430>,horton_fegrow_elab_PV_006682154812
Cc1nc(C(N)=O)ccc1NC(=O)C(=O)N1CCCCC[C@H]1c1ccco1,JTHorton/DJCole,x0554_0A,"x0310_0A,x0556_0A",PV_005857522316,<rdkit.Chem.rdchem.Mol object at 0x1754ec4a0>,horton_fegrow_elab_PV_005857522316
Cc1nc(C(N)=O)ccc1NC(=O)COc1cccc(C2CC2)c1F,JTHorton/DJCole,x0554_0A,"x0310_0A,x0556_0A",Z5465762832,<rdkit.Chem.rdchem.Mol object at 0x1754ec510>,horton_fegrow_elab_Z5465762832
Cc1nc(C(N)=O)ccc1NC(=O)C(=O)N1CC[C@H]2CCCN(C)[C@H]2C1,JTHorton/DJCole,x0554_0A,"x0310_0A,x0556_0A",PV_006983569757,<rdkit.Chem.rdchem.Mol object at 0x1754ec5f0>,horton_fegrow_elab_PV_006983569757
Cc1nc(C(N)=O)ccc1NC(=O)Cc1coc(-c2ccccc2)n1,JTHorton/DJCole,x0554_0A,"x0310_0A,x0556_0A",PV_002395532829,<rdkit.Chem.rdchem.Mol object at 0x1754ec660>,horton_fegrow_elab_PV_002395532829
Cc1nc(C(N)=O)ccc1NC(=O)Cc1c(C)nn(CC(C)C)c1C,JTHorton/DJCole,x0554_0A,"x0310_0A,x0556_0A",PV_002503278532,<rdkit.Chem.rdchem.Mol object at 0x1754ec740>,horton_fegrow_elab_PV_002503278532
CSC[C@H]1CCCN(C(=O)C(=O)Nc2ccc(C(N)=O)nc2C)C1,JTHorton/DJCole,x0554_0A,"x0310_0A,x0556_0A",PV_006232225154,<rdkit.Chem.rdchem.Mol object at 0x1754ec7b0>,horton_fegrow_elab_PV_006232225154
Cc1nc(C(N)=O)ccc1NC(=O)[C@@H]1CCc2nnc(C3CC3)n2C1,JTHorton/DJCole,x0554_0A,"x0310_0A,x0556_0A",PV_002136822031,<rdkit.Chem.rdchem.Mol object at 0x1754ec820>,horton_fegrow_elab_PV_002136822031
Cc1nc(C(N)=O)ccc1NC(=O)[C@@H]1CC(=O)N(c2cc(F)cc(F)c2)C1,JTHorton/DJCole,x0554_0A,"x0310_0A,x0556_0A",PV_002244549125,<rdkit.Chem.rdchem.Mol object at 0x1754ec890>,horton_fegrow_elab_PV_002244549125
Cc1nc(C(N)=O)ccc1NC(=O)Cc1c[nH]c2cccc(Br)c12,JTHorton/DJCole,x0554_0A,"x0310_0A,x0556_0A",PV_002185743508,<rdkit.Chem.rdchem.Mol object at 0x1754ec970>,horton_fegrow_elab_PV_002185743508
Cc1nc(C(N)=O)ccc1NC(=O)[C@@H]1CCCCN1C(=O)CC(C)C,JTHorton/DJCole,x0554_0A,"x0310_0A,x0556_0A",PV_002238685750,<rdkit.Chem.rdchem.Mol object at 0x1754eca50>,horton_fegrow_elab_PV_002238685750
