smiles,submitter_name,ref_pdb,hit_names,ROMol,ID,name
CC(C)n1nc(-c2ccccc2)cc1NC(=O)CC(C)(F)F,Steph Wills,x0310_0A,"x0556_0A,x0310_0A",<rdkit.Chem.rdchem.Mol object at 0x17642e040>,Z1864315293,steph_fragnetv2_Z1864315293
CC(C)n1nc(-c2ccco2)cc1NC(=O)C(C)(C)CC(F)F,Steph Wills,x0310_0A,"x0556_0A,x0310_0A",<rdkit.Chem.rdchem.Mol object at 0x1760bc5f0>,Z2349069754,steph_fragnetv2_Z2349069754
CCCCCC(=O)Nc1c(C)c(C(F)(F)F)nn1C,Steph Wills,x0310_0A,"x0556_0A,x0310_0A",<rdkit.Chem.rdchem.Mol object at 0x1761a9e40>,Z1689684941,steph_fragnetv2_Z1689684941
COCCc1cc(NC(=O)C(C)C)n(C)n1,Steph Wills,x0310_0A,"x0556_0A,x0310_0A",<rdkit.Chem.rdchem.Mol object at 0x1761a9c10>,Z1449166017,steph_fragnetv2_Z1449166017
Cc1c(NC(=O)C(C)C[S+](C)[O-])cnn1-c1ccccc1,Steph Wills,x0310_0A,"x0556_0A,x0310_0A",<rdkit.Chem.rdchem.Mol object at 0x1761a9eb0>,PV-002236652868,steph_fragnetv2_PV-002236652868
CCn1nc(C(C)(C)C)cc1NC(=O)C(C)C(F)(F)F,Steph Wills,x0310_0A,"x0556_0A,x0310_0A",<rdkit.Chem.rdchem.Mol object at 0x1761a9ba0>,Z3608273487,steph_fragnetv2_Z3608273487
CC(=O)Nc1[nH]nc(C(=O)NC(C)C(C)(F)F)c1Br,Steph Wills,x0310_0A,"x0556_0A,x0310_0A",<rdkit.Chem.rdchem.Mol object at 0x1761a9f90>,Z4323971343,steph_fragnetv2_Z4323971343
CC(C)(C)c1cc(NC(=O)CC(C)(C)C(F)(F)F)n(C(C)(C)C)n1,Steph Wills,x0310_0A,"x0556_0A,x0310_0A",<rdkit.Chem.rdchem.Mol object at 0x1761a9c80>,Z1957597442,steph_fragnetv2_Z1957597442
COCCc1cc(NC(=O)C=C(C)C)n(C)n1,Steph Wills,x0310_0A,"x0556_0A,x0310_0A",<rdkit.Chem.rdchem.Mol object at 0x1761a9d60>,Z1449167414,steph_fragnetv2_Z1449167414
CC(=O)Nc1[nH]nc(C(=O)NC(CO)CC(C)C)c1Br,Steph Wills,x0310_0A,"x0556_0A,x0310_0A",<rdkit.Chem.rdchem.Mol object at 0x1761a93c0>,PV-002883039553,steph_fragnetv2_PV-002883039553
CCn1nc(-c2ccccc2)cc1NC(=O)CC(C)(C)C#N,Steph Wills,x0310_0A,"x0556_0A,x0310_0A",<rdkit.Chem.rdchem.Mol object at 0x1761a9f20>,Z4246247588,steph_fragnetv2_Z4246247588
CCc1cnn(C)c1NC(=O)CC(CC)C(C)C,Steph Wills,x0310_0A,"x0556_0A,x0310_0A",<rdkit.Chem.rdchem.Mol object at 0x1763ad660>,Z3626603198,steph_fragnetv2_Z3626603198
CCn1nc(-c2ccccc2)cc1NC(=O)C(C)(C)C(F)F,Steph Wills,x0310_0A,"x0556_0A,x0310_0A",<rdkit.Chem.rdchem.Mol object at 0x1764067b0>,PV-002862252644,steph_fragnetv2_PV-002862252644
CC(=O)Nc1[nH]nc(C(=O)NCC(C)(C)CCO)c1Br,Steph Wills,x0310_0A,"x0556_0A,x0310_0A",<rdkit.Chem.rdchem.Mol object at 0x1764066d0>,PV-002895096027,steph_fragnetv2_PV-002895096027
CC(=O)Nc1[nH]nc(C(=O)N(C)C(C)C(N)=O)c1Br,Steph Wills,x0310_0A,"x0556_0A,x0310_0A",<rdkit.Chem.rdchem.Mol object at 0x1764060b0>,"PV-003031505296,ENAMINE","steph_fragnetv2_PV-003031505296,ENAMINE"
CCc1cc(NC(=O)CC(C)(C)C#N)n(C)n1,Steph Wills,x0310_0A,"x0556_0A,x0310_0A",<rdkit.Chem.rdchem.Mol object at 0x176406190>,Z1900087782,steph_fragnetv2_Z1900087782
Cn1ncc(-c2nc3ccccc3[nH]2)c1NC(=O)CC(C)(C)C#N,Steph Wills,x0310_0A,"x0556_0A,x0310_0A",<rdkit.Chem.rdchem.Mol object at 0x176406270>,Z2474805334,steph_fragnetv2_Z2474805334
CC(=O)Nc1[nH]nc(C(=O)NCC(CO)C(C)(C)C)c1Br,Steph Wills,x0310_0A,"x0556_0A,x0310_0A",<rdkit.Chem.rdchem.Mol object at 0x1760b2cf0>,PV-004045193077,steph_fragnetv2_PV-004045193077
CC(=O)Nc1nc(C(=O)NCCN(C)C(=O)c2cc[nH]n2)cs1,Steph Wills,x0310_0A,"x0556_0A,x0310_0A",<rdkit.Chem.rdchem.Mol object at 0x1760b22e0>,PV-001437842079,steph_fragnetv2_PV-001437842079
COc1cc(NC(=O)CC(C)SC)n(C)n1,Steph Wills,x0310_0A,"x0556_0A,x0310_0A",<rdkit.Chem.rdchem.Mol object at 0x1760b2c10>,Z2852430883,steph_fragnetv2_Z2852430883
CCc1c(C)n[nH]c1NC(=O)C(F)(F)C(C)C,Steph Wills,x0310_0A,"x0556_0A,x0310_0A",<rdkit.Chem.rdchem.Mol object at 0x1760b2ac0>,Z4285505219,steph_fragnetv2_Z4285505219
COc1cc(NC(=O)CCC(C)(C)[N+](=O)[O-])n(C)n1,Steph Wills,x0310_0A,"x0556_0A,x0310_0A",<rdkit.Chem.rdchem.Mol object at 0x1760b2e40>,Z2852440801,steph_fragnetv2_Z2852440801
CCOC(=O)c1cc(NC(=O)CC(F)(F)CC)n(C)n1,Steph Wills,x0310_0A,"x0556_0A,x0310_0A",<rdkit.Chem.rdchem.Mol object at 0x1760b2ba0>,Z3609365769,steph_fragnetv2_Z3609365769
Cc1cc(NC(=O)C(C)(C)C(F)(F)F)[nH]n1,Steph Wills,x0310_0A,"x0556_0A,x0310_0A",<rdkit.Chem.rdchem.Mol object at 0x1760b2f20>,Z3186242713,steph_fragnetv2_Z3186242713
CCn1nc(C(C)(C)C)cc1NC(=O)CCC(C)(F)F,Steph Wills,x0310_0A,"x0556_0A,x0310_0A",<rdkit.Chem.rdchem.Mol object at 0x1760b2eb0>,Z3608266646,steph_fragnetv2_Z3608266646
CCCC(=O)Nc1[nH]ncc1-c1cccnc1,Steph Wills,x0310_0A,"x0556_0A,x0310_0A",<rdkit.Chem.rdchem.Mol object at 0x1760b2b30>,Z4201198309,steph_fragnetv2_Z4201198309
CCCCC(=O)Nc1cc(C)n[nH]1,Steph Wills,x0310_0A,"x0556_0A,x0310_0A",<rdkit.Chem.rdchem.Mol object at 0x1760b2c80>,"Z666224326,CHEMSPACE-BB","steph_fragnetv2_Z666224326,CHEMSPACE-BB"
CCOC(=O)c1cc(NC(=O)CC(CC)C(C)(C)C)[nH]n1,Steph Wills,x0310_0A,"x0556_0A,x0310_0A",<rdkit.Chem.rdchem.Mol object at 0x1760d8040>,PV-002102374373,steph_fragnetv2_PV-002102374373
CCn1nccc1NC(=O)C(F)(F)C(F)F,Steph Wills,x0310_0A,"x0556_0A,x0310_0A",<rdkit.Chem.rdchem.Mol object at 0x1760d80b0>,Z1343974295,steph_fragnetv2_Z1343974295
CC(CC(=O)Nc1cnn(CCC(=O)O)c1)C(F)F,Steph Wills,x0310_0A,"x0556_0A,x0310_0A",<rdkit.Chem.rdchem.Mol object at 0x1760d8120>,Z3839816110,steph_fragnetv2_Z3839816110
CCn1nc(C(C)(C)C)cc1NC(=O)CC(C)C(F)F,Steph Wills,x0310_0A,"x0556_0A,x0310_0A",<rdkit.Chem.rdchem.Mol object at 0x1760d8190>,Z3608271981,steph_fragnetv2_Z3608271981
COCn1cc(NC(=O)C(SC)C(C)(C)C)cn1,Steph Wills,x0310_0A,"x0556_0A,x0310_0A",<rdkit.Chem.rdchem.Mol object at 0x1760d8200>,Z2911862079,steph_fragnetv2_Z2911862079
CC(=O)Nc1[nH]nc(C(=O)NCC(=O)OC(C)(C)C)c1Br,Steph Wills,x0310_0A,"x0556_0A,x0310_0A",<rdkit.Chem.rdchem.Mol object at 0x1760d8270>,PV-004086888973,steph_fragnetv2_PV-004086888973
CC=C(CC)C(=O)Nc1cc(C)n[nH]1,Steph Wills,x0310_0A,"x0556_0A,x0310_0A",<rdkit.Chem.rdchem.Mol object at 0x1760d82e0>,Z2028553140,steph_fragnetv2_Z2028553140
CCC(C#N)(CC)C(=O)Nc1cc(C)n[nH]1,Steph Wills,x0310_0A,"x0556_0A,x0310_0A",<rdkit.Chem.rdchem.Mol object at 0x1760d8350>,Z3186241070,steph_fragnetv2_Z3186241070
CCC(C)n1nccc1NC(=O)CSC(F)(F)F,Steph Wills,x0310_0A,"x0556_0A,x0310_0A",<rdkit.Chem.rdchem.Mol object at 0x1760d83c0>,Z392233794,steph_fragnetv2_Z392233794
CCCCc1cc(NC(=O)C(C)C)[nH]n1,Steph Wills,x0310_0A,"x0556_0A,x0310_0A",<rdkit.Chem.rdchem.Mol object at 0x1760d8430>,Z932109700,steph_fragnetv2_Z932109700
Cn1nc(-c2ccsc2)cc1NC(=O)CCCC(F)(F)F,Steph Wills,x0310_0A,"x0556_0A,x0310_0A",<rdkit.Chem.rdchem.Mol object at 0x1760d84a0>,Z1902752430,steph_fragnetv2_Z1902752430
CCc1cc(NC(=O)C(C)(C)CC)n(C)n1,Steph Wills,x0310_0A,"x0556_0A,x0310_0A",<rdkit.Chem.rdchem.Mol object at 0x1760d8510>,Z1217420458,steph_fragnetv2_Z1217420458
CCCCCCC(=O)Nc1n[nH]c(C(=O)OCC)c1C,Steph Wills,x0310_0A,"x0556_0A,x0310_0A",<rdkit.Chem.rdchem.Mol object at 0x1760d8580>,Z2964457292,steph_fragnetv2_Z2964457292
CCn1ncc(C)c1NC(=O)C=C1CC1,Steph Wills,x0310_0A,"x0556_0A,x0310_0A",<rdkit.Chem.rdchem.Mol object at 0x1760d85f0>,Z4100347929,steph_fragnetv2_Z4100347929
CCOC(=O)c1cnn(CCC#N)c1NC(=O)CCC(C)C,Steph Wills,x0310_0A,"x0556_0A,x0310_0A",<rdkit.Chem.rdchem.Mol object at 0x1760d8660>,Z1424690258,steph_fragnetv2_Z1424690258
Cc1ccc(-c2cc(NC(=O)CC(C)C(F)(F)F)[nH]n2)o1,Steph Wills,x0310_0A,"x0556_0A,x0310_0A",<rdkit.Chem.rdchem.Mol object at 0x1760d86d0>,Z2715382539,steph_fragnetv2_Z2715382539
Cn1nccc1NC(=O)C(F)(F)C(F)F,Steph Wills,x0310_0A,"x0556_0A,x0310_0A",<rdkit.Chem.rdchem.Mol object at 0x1760d8740>,Z1343950744,steph_fragnetv2_Z1343950744
CCCC(=CC(=O)Nc1[nH]nc(C2CCOCC2)c1C)CCC,Steph Wills,x0310_0A,"x0556_0A,x0310_0A",<rdkit.Chem.rdchem.Mol object at 0x1760d87b0>,Z3612955033,steph_fragnetv2_Z3612955033
COc1cc(NC(=O)C=C(C)C(C)C)n(C)n1,Steph Wills,x0310_0A,"x0556_0A,x0310_0A",<rdkit.Chem.rdchem.Mol object at 0x1760d8820>,Z3053896397,steph_fragnetv2_Z3053896397
CC(C)c1cc(NC(=O)CCC(C)(C)[N+](=O)[O-])n(C(C)C)n1,Steph Wills,x0310_0A,"x0556_0A,x0310_0A",<rdkit.Chem.rdchem.Mol object at 0x1760d8890>,Z2272234726,steph_fragnetv2_Z2272234726
CCOC(=O)c1cc(NC(=O)C(C)(C)C(C)(F)F)[nH]n1,Steph Wills,x0310_0A,"x0556_0A,x0310_0A",<rdkit.Chem.rdchem.Mol object at 0x1760d8900>,Z2272280358,steph_fragnetv2_Z2272280358
Cc1cc(NC(=O)C(C)C(C)C(C)(C)C)n(C)n1,Steph Wills,x0310_0A,"x0556_0A,x0310_0A",<rdkit.Chem.rdchem.Mol object at 0x1760d8a50>,Z2766509181,steph_fragnetv2_Z2766509181
COC(=O)c1c(OCCO)n[nH]c1NC(=O)C(C)SC,Steph Wills,x0310_0A,"x0556_0A,x0310_0A",<rdkit.Chem.rdchem.Mol object at 0x1760d8ac0>,PV-002253279027,steph_fragnetv2_PV-002253279027
CC(C)Cn1cc(NC(=O)C(C)C)cn1,Steph Wills,x0310_0A,"x0556_0A,x0310_0A",<rdkit.Chem.rdchem.Mol object at 0x1760d8b30>,Z1275534572,steph_fragnetv2_Z1275534572
CC(C)CCc1cc(NC(=O)C(C)(C)C#N)[nH]n1,Steph Wills,x0310_0A,"x0556_0A,x0310_0A",<rdkit.Chem.rdchem.Mol object at 0x1760d8ba0>,Z1822239900,steph_fragnetv2_Z1822239900
COc1cc(NC(=O)C(C)=C2CC2)n(C)n1,Steph Wills,x0310_0A,"x0556_0A,x0310_0A",<rdkit.Chem.rdchem.Mol object at 0x1760d8c10>,Z3086667301,steph_fragnetv2_Z3086667301
CC(C)n1nc(-c2ccccc2)cc1NC(=O)CCCC#N,Steph Wills,x0310_0A,"x0556_0A,x0310_0A",<rdkit.Chem.rdchem.Mol object at 0x1760d8c80>,Z2190509401,steph_fragnetv2_Z2190509401
Cc1cncc(NC(=O)C(C#N)c2ccncn2)c1,Steph Wills,x0310_0A,"x0310_0A,x0556_0A",<rdkit.Chem.rdchem.Mol object at 0x1760d8cf0>,Z1837820127,steph_fragnetv2_Z1837820127
CCC(C)C(=O)Nc1cc(C)n[nH]1,Steph Wills,x0310_0A,"x0556_0A,x0310_0A",<rdkit.Chem.rdchem.Mol object at 0x1760d8d60>,"CSMB00011929012,ENAMINE","steph_fragnetv2_CSMB00011929012,ENAMINE"
COC(=O)c1cc(NC(=O)C(C)(C)CC(F)F)[nH]n1,Steph Wills,x0310_0A,"x0556_0A,x0310_0A",<rdkit.Chem.rdchem.Mol object at 0x1760d8dd0>,Z3585554737,steph_fragnetv2_Z3585554737
COc1cc(NC(=O)CC(C)C(F)(F)F)n(C)n1,Steph Wills,x0310_0A,"x0556_0A,x0310_0A",<rdkit.Chem.rdchem.Mol object at 0x1760d8eb0>,Z2852444229,steph_fragnetv2_Z2852444229
C=CC(C)=CCC(=O)Nc1[nH]nc(C(=O)OC)c1C,Steph Wills,x0310_0A,"x0556_0A,x0310_0A",<rdkit.Chem.rdchem.Mol object at 0x1760d8f20>,Z2964495578,steph_fragnetv2_Z2964495578
COCCc1cc(NC(=O)C=CSC)n(C)n1,Steph Wills,x0310_0A,"x0556_0A,x0310_0A",<rdkit.Chem.rdchem.Mol object at 0x1760d8f90>,Z1453922007,steph_fragnetv2_Z1453922007
CC(C)(C)n1nc(C2CC2)cc1NC(=O)CSCC(F)(F)F,Steph Wills,x0310_0A,"x0556_0A,x0310_0A",<rdkit.Chem.rdchem.Mol object at 0x1760c1040>,Z3612845201,steph_fragnetv2_Z3612845201
CCn1nc(C)cc1NC(=O)C(C)(C)CC,Steph Wills,x0310_0A,"x0556_0A,x0310_0A",<rdkit.Chem.rdchem.Mol object at 0x1760c10b0>,Z2721029681,steph_fragnetv2_Z2721029681
Cn1nc(C(F)(F)F)cc1NC(=O)CCCCCC#N,Steph Wills,x0310_0A,"x0556_0A,x0310_0A",<rdkit.Chem.rdchem.Mol object at 0x1760c1120>,Z2676672086,steph_fragnetv2_Z2676672086
CCCCC(C)C(=O)Nc1[nH]nc(C)c1-c1ccccc1,Steph Wills,x0310_0A,"x0556_0A,x0310_0A",<rdkit.Chem.rdchem.Mol object at 0x1760c1190>,Z2005455700,steph_fragnetv2_Z2005455700
CC(C)Cc1cc(NC(=O)C(CC(C)C)C(C)C)[nH]n1,Steph Wills,x0310_0A,"x0556_0A,x0310_0A",<rdkit.Chem.rdchem.Mol object at 0x1760c1200>,PV-002335126290,steph_fragnetv2_PV-002335126290
CC(=O)Nc1[nH]nc(C(=O)NCCCCCF)c1Br,Steph Wills,x0310_0A,"x0556_0A,x0310_0A",<rdkit.Chem.rdchem.Mol object at 0x1760c1270>,Z4325942636,steph_fragnetv2_Z4325942636
CCCC(CC)C(=O)Nc1n[nH]c(C(=O)O)c1C,Steph Wills,x0310_0A,"x0556_0A,x0310_0A",<rdkit.Chem.rdchem.Mol object at 0x1760c12e0>,Z3508881421,steph_fragnetv2_Z3508881421
Cn1nc(-c2ccsc2)cc1NC(=O)C(C)(C)CC(F)F,Steph Wills,x0310_0A,"x0556_0A,x0310_0A",<rdkit.Chem.rdchem.Mol object at 0x1760c1350>,Z2331925101,steph_fragnetv2_Z2331925101
Cn1nc(C2CCCO2)cc1NC(=O)CSCCC#N,Steph Wills,x0310_0A,"x0556_0A,x0310_0A",<rdkit.Chem.rdchem.Mol object at 0x1760c13c0>,Z3940787091,steph_fragnetv2_Z3940787091
N#CCC(=O)Nc1cc(C(F)(F)F)n[nH]1,Steph Wills,x0310_0A,"x0556_0A,x0310_0A",<rdkit.Chem.rdchem.Mol object at 0x1760c1430>,Z2957505129,steph_fragnetv2_Z2957505129
COC(=O)c1cc(NC(=O)C(C)(C)CC(F)(F)F)n(C)n1,Steph Wills,x0310_0A,"x0556_0A,x0310_0A",<rdkit.Chem.rdchem.Mol object at 0x1760c14a0>,Z3087211194,steph_fragnetv2_Z3087211194
CC(=O)Nc1[nH]nc(C(=O)NCC(C)[S+](C)[O-])c1Br,Steph Wills,x0310_0A,"x0556_0A,x0310_0A",<rdkit.Chem.rdchem.Mol object at 0x1760c15f0>,PV-003845595548,steph_fragnetv2_PV-003845595548
Cc1cnn(C(C)C)c1NC(=O)CC(C)(C)C(F)F,Steph Wills,x0310_0A,"x0556_0A,x0310_0A",<rdkit.Chem.rdchem.Mol object at 0x1760c1660>,Z4466634391,steph_fragnetv2_Z4466634391
CCCn1ncc(C(=O)OCC)c1NC(=O)C=CSC,Steph Wills,x0310_0A,"x0556_0A,x0310_0A",<rdkit.Chem.rdchem.Mol object at 0x1760c16d0>,Z1580106382,steph_fragnetv2_Z1580106382
CCn1nc(C)cc1NC(=O)C(C)(CC)CCC(C)C,Steph Wills,x0310_0A,"x0556_0A,x0310_0A",<rdkit.Chem.rdchem.Mol object at 0x1760c1740>,PV-002954885113,steph_fragnetv2_PV-002954885113
CC(C)C(C)C(=O)Nc1ccc(Cl)nc1C(N)=O,Steph Wills,x0310_0A,"x0310_0A,x0556_0A",<rdkit.Chem.rdchem.Mol object at 0x1760c17b0>,Z1555217664,steph_fragnetv2_Z1555217664
Cc1n[nH]c(NC(=O)C(C)C)c1C,Steph Wills,x0310_0A,"x0556_0A,x0310_0A",<rdkit.Chem.rdchem.Mol object at 0x1760c1820>,"Z872990488,CHEMSPACE-BB","steph_fragnetv2_Z872990488,CHEMSPACE-BB"
CC(=O)Nc1[nH]nc(C(=O)NCCC=C(C)C)c1Br,Steph Wills,x0310_0A,"x0556_0A,x0310_0A",<rdkit.Chem.rdchem.Mol object at 0x1760c1890>,Z4320780129,steph_fragnetv2_Z4320780129
Cc1ccc(NC(=O)C(C#N)c2ncc(C(C)(C)C)s2)cn1,Steph Wills,x0310_0A,"x0310_0A,x0556_0A",<rdkit.Chem.rdchem.Mol object at 0x1760c1900>,Z2367101733,steph_fragnetv2_Z2367101733
Cn1nc(C(C)(C)C)cc1NC(=O)C(C)(C)CC#N,Steph Wills,x0310_0A,"x0556_0A,x0310_0A",<rdkit.Chem.rdchem.Mol object at 0x1760c1970>,Z3471517783,steph_fragnetv2_Z3471517783
C=CCCCCC(=O)Nc1[nH]nc(C)c1-c1ccccc1,Steph Wills,x0310_0A,"x0556_0A,x0310_0A",<rdkit.Chem.rdchem.Mol object at 0x1760c19e0>,Z4175952963,steph_fragnetv2_Z4175952963
CCn1nc(-c2ccccc2)cc1NC(=O)CC(F)(F)C(F)F,Steph Wills,x0310_0A,"x0556_0A,x0310_0A",<rdkit.Chem.rdchem.Mol object at 0x1760c1a50>,Z4246253494,steph_fragnetv2_Z4246253494
Cc1c(NC(=O)C(C)SC(C)C)cnn1CC(F)F,Steph Wills,x0310_0A,"x0556_0A,x0310_0A",<rdkit.Chem.rdchem.Mol object at 0x1760c1ac0>,Z3644026130,steph_fragnetv2_Z3644026130
C=C(C(=O)Nc1[nH]nc(C)c1Cl)C(C)(C)C,Steph Wills,x0310_0A,"x0556_0A,x0310_0A",<rdkit.Chem.rdchem.Mol object at 0x1760c1b30>,Z4284664473,steph_fragnetv2_Z4284664473
COC(=O)c1cc(NC(=O)C(C)=C2CC2)[nH]n1,Steph Wills,x0310_0A,"x0556_0A,x0310_0A",<rdkit.Chem.rdchem.Mol object at 0x1760c1ba0>,Z3585555410,steph_fragnetv2_Z3585555410
CSc1cnn(C)c1NC(=O)CC(F)(F)C(F)(F)F,Steph Wills,x0310_0A,"x0556_0A,x0310_0A",<rdkit.Chem.rdchem.Mol object at 0x1760c1c10>,Z4220841814,steph_fragnetv2_Z4220841814
CC=C(CC)C(=O)Nc1ccnn1C,Steph Wills,x0310_0A,"x0556_0A,x0310_0A",<rdkit.Chem.rdchem.Mol object at 0x1760c1c80>,Z1832631732,steph_fragnetv2_Z1832631732
CC(C)n1nc(-c2ccco2)cc1NC(=O)CC(F)(F)CCl,Steph Wills,x0310_0A,"x0556_0A,x0310_0A",<rdkit.Chem.rdchem.Mol object at 0x1760c1cf0>,Z4320915463,steph_fragnetv2_Z4320915463
CC(=O)Nc1cccc(C(=O)Nc2[nH]nc3c2CCCC3)n1,Steph Wills,x0310_0A,"x0556_0A,x0310_0A",<rdkit.Chem.rdchem.Mol object at 0x1760c1d60>,Z4521052595,steph_fragnetv2_Z4521052595
O=C(CC(F)F)Nc1ccc(OCc2ccccn2)nc1,Steph Wills,x0310_0A,"x0310_0A,x0556_0A",<rdkit.Chem.rdchem.Mol object at 0x1760c1dd0>,PV-003728246821,steph_fragnetv2_PV-003728246821
C=CCC(CC)C(=O)Nc1ccc(OCc2ccccn2)nc1,Steph Wills,x0310_0A,"x0310_0A,x0556_0A",<rdkit.Chem.rdchem.Mol object at 0x1760c1e40>,Z4492772573,steph_fragnetv2_Z4492772573
Cn1nc(C(=O)O)cc1NC(=O)C(C)(C)C(F)F,Steph Wills,x0310_0A,"x0556_0A,x0310_0A",<rdkit.Chem.rdchem.Mol object at 0x1760c1eb0>,Z3509107939,steph_fragnetv2_Z3509107939
Cc1n[nH]c(NC(=O)CC(C)CC(C)(C)C)c1C#N,Steph Wills,x0310_0A,"x0556_0A,x0310_0A",<rdkit.Chem.rdchem.Mol object at 0x1760c1f20>,Z2125637904,steph_fragnetv2_Z2125637904
CC(=O)Nc1[nH]nc(C(=O)NCC(C)(C)C(F)(F)F)c1Br,Steph Wills,x0310_0A,"x0556_0A,x0310_0A",<rdkit.Chem.rdchem.Mol object at 0x1762ed040>,Z4323603161,steph_fragnetv2_Z4323603161
CCC(C)(C#N)C(=O)Nc1ccc(OCc2ccccn2)nc1,Steph Wills,x0310_0A,"x0310_0A,x0556_0A",<rdkit.Chem.rdchem.Mol object at 0x1762ed0b0>,Z4247960204,steph_fragnetv2_Z4247960204
Cc1cc(NC(=O)C=CC(C)(C)C)n(C(C)C)n1,Steph Wills,x0310_0A,"x0556_0A,x0310_0A",<rdkit.Chem.rdchem.Mol object at 0x1762ed120>,Z3716279591,steph_fragnetv2_Z3716279591
N#CCC(=O)Nc1cc(Cc2ccccc2)[nH]n1,Steph Wills,x0310_0A,"x0556_0A,x0310_0A",<rdkit.Chem.rdchem.Mol object at 0x1762ed190>,PV-002778506714,steph_fragnetv2_PV-002778506714
C#CC(C)(C)C(=O)Nc1c(C)cnn1C,Steph Wills,x0310_0A,"x0556_0A,x0310_0A",<rdkit.Chem.rdchem.Mol object at 0x1762ed200>,Z3583364875,steph_fragnetv2_Z3583364875
Cc1cc(NC(=O)CC(C)C(F)F)n(C(C)C)n1,Steph Wills,x0310_0A,"x0556_0A,x0310_0A",<rdkit.Chem.rdchem.Mol object at 0x1762ed2e0>,Z3716287463,steph_fragnetv2_Z3716287463
CC(=O)Nc1[nH]nc(C(=O)NCC(O)C(F)(F)F)c1Br,Steph Wills,x0310_0A,"x0556_0A,x0310_0A",<rdkit.Chem.rdchem.Mol object at 0x1762ed350>,PV-003204510869,steph_fragnetv2_PV-003204510869
CSc1cnn(C)c1NC(=O)C(C)C(C)(F)F,Steph Wills,x0310_0A,"x0556_0A,x0310_0A",<rdkit.Chem.rdchem.Mol object at 0x1762ed3c0>,Z4220840087,steph_fragnetv2_Z4220840087
CC(=O)Nc1[nH]nc(C(=O)NCCN(C(C)C)C(C)C)c1Br,Steph Wills,x0310_0A,"x0556_0A,x0310_0A",<rdkit.Chem.rdchem.Mol object at 0x1762ed4a0>,Z4316019086,steph_fragnetv2_Z4316019086
CSc1cnn(C)c1NC(=O)C(CC(C)C)CC(C)C,Steph Wills,x0310_0A,"x0556_0A,x0310_0A",<rdkit.Chem.rdchem.Mol object at 0x1762ed510>,PV-002886689918,steph_fragnetv2_PV-002886689918
COC(=O)c1cc(NC(=O)C(C)(C)CC(C)C)n(C)n1,Steph Wills,x0310_0A,"x0556_0A,x0310_0A",<rdkit.Chem.rdchem.Mol object at 0x1762ed580>,Z3087212791,steph_fragnetv2_Z3087212791
CCn1nc(C)cc1NC(=O)C(C)(C#N)CC,Steph Wills,x0310_0A,"x0556_0A,x0310_0A",<rdkit.Chem.rdchem.Mol object at 0x1762ed5f0>,Z2721042151,steph_fragnetv2_Z2721042151
CC(=O)Nc1[nH]nc(C(=O)NC(CN)CN)c1Br,Steph Wills,x0310_0A,"x0556_0A,x0310_0A",<rdkit.Chem.rdchem.Mol object at 0x1762ed660>,PV-002825295322,steph_fragnetv2_PV-002825295322
CC(=O)Nc1c(C#N)cnn1C,Steph Wills,x0310_0A,"x0556_0A,x0310_0A",<rdkit.Chem.rdchem.Mol object at 0x1762ed6d0>,"CSMB00000188912,ENAMINE","steph_fragnetv2_CSMB00000188912,ENAMINE"
Cc1n[nH]c(NC(=O)C(F)(F)C(F)F)c1C,Steph Wills,x0310_0A,"x0556_0A,x0310_0A",<rdkit.Chem.rdchem.Mol object at 0x1762ed7b0>,"Z1344000962,CHEMSPACE-BB","steph_fragnetv2_Z1344000962,CHEMSPACE-BB"
CCC(C)C(=O)Nc1c(C)cnn1C,Steph Wills,x0310_0A,"x0556_0A,x0310_0A",<rdkit.Chem.rdchem.Mol object at 0x1762ed890>,Z2643294775,steph_fragnetv2_Z2643294775
CC(=O)Nc1n[nH]c(C(=O)O)c1C,Steph Wills,x0310_0A,"x0556_0A,x0310_0A",<rdkit.Chem.rdchem.Mol object at 0x1762ed970>,Z3508884577,steph_fragnetv2_Z3508884577
CCc1c(NC(=O)C=C(C)Cl)cnn1CC(C)C,Steph Wills,x0310_0A,"x0556_0A,x0310_0A",<rdkit.Chem.rdchem.Mol object at 0x1762ed9e0>,Z2893428720,steph_fragnetv2_Z2893428720
CSC(C)(C)C(=O)Nc1[nH]nc(-c2ccncc2)c1C,Steph Wills,x0310_0A,"x0556_0A,x0310_0A",<rdkit.Chem.rdchem.Mol object at 0x1762edac0>,Z2627354192,steph_fragnetv2_Z2627354192
COC(=O)c1cc(NC(=O)CCCSC)n(C)n1,Steph Wills,x0310_0A,"x0556_0A,x0310_0A",<rdkit.Chem.rdchem.Mol object at 0x1762edb30>,Z3087213069,steph_fragnetv2_Z3087213069
CC1(c2cc(NC(=O)CC#N)[nH]n2)CC1,Steph Wills,x0310_0A,"x0556_0A,x0310_0A",<rdkit.Chem.rdchem.Mol object at 0x1762edba0>,Z3207230890,steph_fragnetv2_Z3207230890
Cc1cccc(-c2cc(NC(=O)CSC(F)(F)F)[nH]n2)c1C,Steph Wills,x0310_0A,"x0556_0A,x0310_0A",<rdkit.Chem.rdchem.Mol object at 0x1762edc10>,Z1025862940,steph_fragnetv2_Z1025862940
CCn1nc(C)cc1NC(=O)CC(C)(C)C(F)F,Steph Wills,x0310_0A,"x0556_0A,x0310_0A",<rdkit.Chem.rdchem.Mol object at 0x1762edd60>,Z2961145383,steph_fragnetv2_Z2961145383
CSc1cnn(C)c1NC(=O)CCCC(C)(F)F,Steph Wills,x0310_0A,"x0556_0A,x0310_0A",<rdkit.Chem.rdchem.Mol object at 0x1762eddd0>,Z4601763512,steph_fragnetv2_Z4601763512
Cc1ccncc1NC(=O)CC#N,Steph Wills,x0310_0A,"x0310_0A,x0556_0A",<rdkit.Chem.rdchem.Mol object at 0x1762ede40>,"Z1688544906,CHEMSPACE-BB","steph_fragnetv2_Z1688544906,CHEMSPACE-BB"
Cc1c(C(C)C)n[nH]c1NC(=O)C(CC(C)C)C(C)C,Steph Wills,x0310_0A,"x0556_0A,x0310_0A",<rdkit.Chem.rdchem.Mol object at 0x1762edeb0>,PV-002168009128,steph_fragnetv2_PV-002168009128
CC(C)CSCCC(=O)Nc1n[nH]c(C(=O)O)c1C1CC1,Steph Wills,x0310_0A,"x0556_0A,x0310_0A",<rdkit.Chem.rdchem.Mol object at 0x1762edf20>,Z3510170417,steph_fragnetv2_Z3510170417
Cc1cnn(C(C)C)c1NC(=O)C(C)C(F)(F)C(F)F,Steph Wills,x0310_0A,"x0556_0A,x0310_0A",<rdkit.Chem.rdchem.Mol object at 0x1762edf90>,Z4466639847,steph_fragnetv2_Z4466639847
CSc1cnn(C)c1NC(=O)C(C)(C)C#N,Steph Wills,x0310_0A,"x0556_0A,x0310_0A",<rdkit.Chem.rdchem.Mol object at 0x176123040>,Z4220835389,steph_fragnetv2_Z4220835389
CC(C)(C)c1cc(NC(=O)CCCC#N)n(C(C)(C)C)n1,Steph Wills,x0310_0A,"x0556_0A,x0310_0A",<rdkit.Chem.rdchem.Mol object at 0x1761230b0>,Z2186130255,steph_fragnetv2_Z2186130255
CCc1n[nH]c(NC(=O)CC#N)c1C,Steph Wills,x0310_0A,"x0556_0A,x0310_0A",<rdkit.Chem.rdchem.Mol object at 0x176123120>,Z2500117564,steph_fragnetv2_Z2500117564
CC(C)CCc1cc(NC(=O)CC(C)C(F)F)n(C)n1,Steph Wills,x0310_0A,"x0556_0A,x0310_0A",<rdkit.Chem.rdchem.Mol object at 0x176123190>,Z3353193372,steph_fragnetv2_Z3353193372
CC(F)(F)C(=O)Nc1cnsc1,Steph Wills,x0310_0A,"x0310_0A,x0556_0A",<rdkit.Chem.rdchem.Mol object at 0x1761232e0>,"Z2913603027,CHEMSPACE-BB","steph_fragnetv2_Z2913603027,CHEMSPACE-BB"
CNC(=O)c1c(C)n[nH]c1NC(=O)C(C)=C(C)C,Steph Wills,x0310_0A,"x0556_0A,x0310_0A",<rdkit.Chem.rdchem.Mol object at 0x176123350>,Z2780854447,steph_fragnetv2_Z2780854447
CC=C(C=CC(=O)Nc1[nH]nc(-c2ccncc2)c1C)CC,Steph Wills,x0310_0A,"x0556_0A,x0310_0A",<rdkit.Chem.rdchem.Mol object at 0x176123430>,Z1438943938,steph_fragnetv2_Z1438943938
CC(C)=CC(=O)Nc1[nH]nc(C2CC2)c1C,Steph Wills,x0310_0A,"x0556_0A,x0310_0A",<rdkit.Chem.rdchem.Mol object at 0x1761234a0>,Z1096622385,steph_fragnetv2_Z1096622385
CC(C)(C)Cc1cc(NC(=O)CC#N)[nH]n1,Steph Wills,x0310_0A,"x0556_0A,x0310_0A",<rdkit.Chem.rdchem.Mol object at 0x176123510>,Z1726449759,steph_fragnetv2_Z1726449759
Cn1nc(C(F)(F)F)cc1NC(=O)CC(F)(F)C(F)F,Steph Wills,x0310_0A,"x0556_0A,x0310_0A",<rdkit.Chem.rdchem.Mol object at 0x176123580>,Z2874749960,steph_fragnetv2_Z2874749960
CCn1nc(C)cc1NC(=O)CC(C)C(C)(C)C,Steph Wills,x0310_0A,"x0556_0A,x0310_0A",<rdkit.Chem.rdchem.Mol object at 0x1761236d0>,Z2721031565,steph_fragnetv2_Z2721031565
CC(C)(C)c1cc(NC(=O)C=C2CC2)n(C(C)(C)C)n1,Steph Wills,x0310_0A,"x0556_0A,x0310_0A",<rdkit.Chem.rdchem.Mol object at 0x1761237b0>,Z4098996442,steph_fragnetv2_Z4098996442
Cc1cnn(C(C)C)c1NC(=O)C(C)C,Steph Wills,x0310_0A,"x0556_0A,x0310_0A",<rdkit.Chem.rdchem.Mol object at 0x176123820>,Z4466623538,steph_fragnetv2_Z4466623538
COC(=O)c1n[nH]c(NC(=O)CC(C)(C)C#N)c1C,Steph Wills,x0310_0A,"x0556_0A,x0310_0A",<rdkit.Chem.rdchem.Mol object at 0x176123890>,PV-002300744768,steph_fragnetv2_PV-002300744768
CCn1ncc(C)c1NC(=O)C(C)=C(C)C,Steph Wills,x0310_0A,"x0556_0A,x0310_0A",<rdkit.Chem.rdchem.Mol object at 0x176123900>,Z2645579487,steph_fragnetv2_Z2645579487
Cn1nc(CO)cc1NC(=O)C=C1CC1,Steph Wills,x0310_0A,"x0556_0A,x0310_0A",<rdkit.Chem.rdchem.Mol object at 0x176123970>,Z4101308894,steph_fragnetv2_Z4101308894
CCC(CC(=O)Nc1c(-c2ccccc2)cnn1C)C(C)C,Steph Wills,x0310_0A,"x0556_0A,x0310_0A",<rdkit.Chem.rdchem.Mol object at 0x1761239e0>,Z4344800883,steph_fragnetv2_Z4344800883
N#CCC(=O)Nc1cnn(C2CCCCC2)c1,Steph Wills,x0310_0A,"x0556_0A,x0310_0A",<rdkit.Chem.rdchem.Mol object at 0x176123a50>,Z3613598907,steph_fragnetv2_Z3613598907
Cn1ncc(CN)c1NC(=O)CC#N,Steph Wills,x0310_0A,"x0556_0A,x0310_0A",<rdkit.Chem.rdchem.Mol object at 0x176123ac0>,PV-003041602301,steph_fragnetv2_PV-003041602301
CCC(CC(=O)Nc1[nH]nc(C(=O)OC)c1Cl)C(C)(C)C,Steph Wills,x0310_0A,"x0556_0A,x0310_0A",<rdkit.Chem.rdchem.Mol object at 0x176123c10>,Z3582351195,steph_fragnetv2_Z3582351195
Cn1nc(Br)cc1NC(=O)C(C)(C)C,Steph Wills,x0310_0A,"x0556_0A,x0310_0A",<rdkit.Chem.rdchem.Mol object at 0x176123cf0>,Z2227508092,steph_fragnetv2_Z2227508092
Cc1cc(NC(=O)C(C)(C)C#N)n(C)n1,Steph Wills,x0310_0A,"x0556_0A,x0310_0A",<rdkit.Chem.rdchem.Mol object at 0x176123d60>,"Z736691796,CHEMSPACE-BB","steph_fragnetv2_Z736691796,CHEMSPACE-BB"
CC(CC(=O)Nc1ccnn1C)C(C)(C)C,Steph Wills,x0310_0A,"x0556_0A,x0310_0A",<rdkit.Chem.rdchem.Mol object at 0x176123dd0>,Z1158011541,steph_fragnetv2_Z1158011541
Cn1ncc(C#N)c1NC(=O)CCC(F)(F)F,Steph Wills,x0310_0A,"x0556_0A,x0310_0A",<rdkit.Chem.rdchem.Mol object at 0x176123e40>,Z3236857447,steph_fragnetv2_Z3236857447
CC(=O)Nc1[nH]nc(C(=O)NC(C)(C)C(C)C)c1Br,Steph Wills,x0310_0A,"x0556_0A,x0310_0A",<rdkit.Chem.rdchem.Mol object at 0x176123eb0>,Z4318970994,steph_fragnetv2_Z4318970994
CCn1ncc(C)c1NC(=O)C(F)(F)C(F)F,Steph Wills,x0310_0A,"x0556_0A,x0310_0A",<rdkit.Chem.rdchem.Mol object at 0x176123f20>,Z2645579547,steph_fragnetv2_Z2645579547
CC=C(C)C(=O)Nc1c(C)c(C(F)(F)F)nn1C,Steph Wills,x0310_0A,"x0556_0A,x0310_0A",<rdkit.Chem.rdchem.Mol object at 0x176453040>,Z1689696751,steph_fragnetv2_Z1689696751
CCn1nc(C(C)(C)C)cc1NC(=O)C=C(C)Cl,Steph Wills,x0310_0A,"x0556_0A,x0310_0A",<rdkit.Chem.rdchem.Mol object at 0x1764530b0>,Z3608269095,steph_fragnetv2_Z3608269095
CC(=O)Nc1ccc(C(=O)NC(C)CNC(=O)c2cccnc2)nc1,Steph Wills,x0310_0A,"x0556_0A,x0310_0A",<rdkit.Chem.rdchem.Mol object at 0x176453120>,"PV-001407017877,ENAMINE","steph_fragnetv2_PV-001407017877,ENAMINE"
CCCCC(C)C(=O)Nc1c(C)c(C(F)(F)F)nn1C,Steph Wills,x0310_0A,"x0556_0A,x0310_0A",<rdkit.Chem.rdchem.Mol object at 0x176453190>,Z2000289922,steph_fragnetv2_Z2000289922
Cn1nc(-c2ccsc2)cc1NC(=O)CC(C)(C)C(C)(F)F,Steph Wills,x0310_0A,"x0556_0A,x0310_0A",<rdkit.Chem.rdchem.Mol object at 0x176453200>,Z3353577033,steph_fragnetv2_Z3353577033
CCCC(C(=O)Nc1n[nH]c(C(=O)O)c1C1CC1)C(C)C,Steph Wills,x0310_0A,"x0556_0A,x0310_0A",<rdkit.Chem.rdchem.Mol object at 0x176453270>,Z3510170264,steph_fragnetv2_Z3510170264
CCn1nc(C)cc1NC(C)=O,Steph Wills,x0310_0A,"x0556_0A,x0310_0A",<rdkit.Chem.rdchem.Mol object at 0x1764532e0>,"CSMB00010507979,MOLPORT","steph_fragnetv2_CSMB00010507979,MOLPORT"
Cc1cc(NC(=O)C(C(F)(F)F)C(F)(F)F)n(C)n1,Steph Wills,x0310_0A,"x0556_0A,x0310_0A",<rdkit.Chem.rdchem.Mol object at 0x176453350>,Z1873340206,steph_fragnetv2_Z1873340206
Cc1nn(C)c(NC(=O)CCSCC(C)C)c1C,Steph Wills,x0310_0A,"x0556_0A,x0310_0A",<rdkit.Chem.rdchem.Mol object at 0x1764533c0>,Z1144427904,steph_fragnetv2_Z1144427904
Cn1nc(C2CCC2)cc1NC(=O)CC#N,Steph Wills,x0310_0A,"x0556_0A,x0310_0A",<rdkit.Chem.rdchem.Mol object at 0x1764534a0>,Z1688566804,steph_fragnetv2_Z1688566804
COc1ccccc1-c1n[nH]c(NC(=O)CC(C)(F)F)c1C,Steph Wills,x0310_0A,"x0556_0A,x0310_0A",<rdkit.Chem.rdchem.Mol object at 0x176453510>,Z2965259653,steph_fragnetv2_Z2965259653
CCn1ncc(C)c1NC(=O)CSC,Steph Wills,x0310_0A,"x0556_0A,x0310_0A",<rdkit.Chem.rdchem.Mol object at 0x176453660>,Z2645583659,steph_fragnetv2_Z2645583659
N#CCC(=O)Nc1cnn(CC2CC2)c1,Steph Wills,x0310_0A,"x0556_0A,x0310_0A",<rdkit.Chem.rdchem.Mol object at 0x1764536d0>,Z1726613457,steph_fragnetv2_Z1726613457
CCc1cnn(C)c1NC(=O)C(C)=C1CC1,Steph Wills,x0310_0A,"x0556_0A,x0310_0A",<rdkit.Chem.rdchem.Mol object at 0x176453740>,Z3626609752,steph_fragnetv2_Z3626609752
Cc1cc(NC(=O)CCC(F)F)n(C)n1,Steph Wills,x0310_0A,"x0556_0A,x0310_0A",<rdkit.Chem.rdchem.Mol object at 0x176453890>,Z1950192962,steph_fragnetv2_Z1950192962
N#CCC(=O)Nc1cc(-c2ccccc2)n[nH]1,Steph Wills,x0310_0A,"x0556_0A,x0310_0A",<rdkit.Chem.rdchem.Mol object at 0x176453900>,"PV-002333312193,MOLPORT","steph_fragnetv2_PV-002333312193,MOLPORT"
CCc1cc(NC(=O)C(C)(CC)CCC(C)C)n(C)n1,Steph Wills,x0310_0A,"x0556_0A,x0310_0A",<rdkit.Chem.rdchem.Mol object at 0x176453970>,PV-002731167591,steph_fragnetv2_PV-002731167591
CCS(=O)(=O)CCn1cc(NC(=O)CC#N)cn1,Steph Wills,x0310_0A,"x0556_0A,x0310_0A",<rdkit.Chem.rdchem.Mol object at 0x176453ac0>,Z1726332759,steph_fragnetv2_Z1726332759
CCCC(=O)Nc1c(-c2ccccc2)c(C)nn1C,Steph Wills,x0310_0A,"x0556_0A,x0310_0A",<rdkit.Chem.rdchem.Mol object at 0x176453b30>,Z1157963730,steph_fragnetv2_Z1157963730
Cc1cc(NC(=O)CC(F)(F)F)n(C)n1,Steph Wills,x0310_0A,"x0556_0A,x0310_0A",<rdkit.Chem.rdchem.Mol object at 0x176453c80>,Z393051624,steph_fragnetv2_Z393051624
CC(=O)Nc1[nH]nc(C(=O)NCC(C)C(=O)O)c1Br,Steph Wills,x0310_0A,"x0556_0A,x0310_0A",<rdkit.Chem.rdchem.Mol object at 0x176453cf0>,PV-003571548182,steph_fragnetv2_PV-003571548182
CC(C)c1cc(NC(=O)CCCC#N)n(C(C)C)n1,Steph Wills,x0310_0A,"x0556_0A,x0310_0A",<rdkit.Chem.rdchem.Mol object at 0x176453dd0>,Z2186781749,steph_fragnetv2_Z2186781749
CCOC(=O)c1cc(NC(=O)C(Br)=C(C)C)n(C)n1,Steph Wills,x0310_0A,"x0556_0A,x0310_0A",<rdkit.Chem.rdchem.Mol object at 0x176453e40>,Z4101294730,steph_fragnetv2_Z4101294730
CCc1cnn(C)c1NC(=O)C=CC(C)C,Steph Wills,x0310_0A,"x0556_0A,x0310_0A",<rdkit.Chem.rdchem.Mol object at 0x176453eb0>,Z3626597953,steph_fragnetv2_Z3626597953
CCc1cnn(C)c1NC(=O)CC(F)(F)F,Steph Wills,x0310_0A,"x0556_0A,x0310_0A",<rdkit.Chem.rdchem.Mol object at 0x176453f20>,Z3626604255,steph_fragnetv2_Z3626604255
CCc1c(NC(=O)CC#N)cnn1CC(C)C,Steph Wills,x0310_0A,"x0556_0A,x0310_0A",<rdkit.Chem.rdchem.Mol object at 0x176453f90>,Z1727341322,steph_fragnetv2_Z1727341322
CCn1ncc(C)c1NC(=O)C(C)CC(C)(C)C,Steph Wills,x0310_0A,"x0556_0A,x0310_0A",<rdkit.Chem.rdchem.Mol object at 0x1764930b0>,Z2645578091,steph_fragnetv2_Z2645578091
Cn1cc(NC(=O)CC#N)c(C(F)F)n1,Steph Wills,x0310_0A,"x0556_0A,x0310_0A",<rdkit.Chem.rdchem.Mol object at 0x176493200>,Z3585809468,steph_fragnetv2_Z3585809468
CSc1cnn(C)c1NC(=O)C=C(C)Cl,Steph Wills,x0310_0A,"x0556_0A,x0310_0A",<rdkit.Chem.rdchem.Mol object at 0x176493270>,Z4220841119,steph_fragnetv2_Z4220841119
CCc1cc(NC(=O)CC(F)(F)F)n(C)n1,Steph Wills,x0310_0A,"x0556_0A,x0310_0A",<rdkit.Chem.rdchem.Mol object at 0x1764933c0>,Z1217419270,steph_fragnetv2_Z1217419270
Cn1nc(C(F)(F)F)cc1NC(=O)CC#N,Steph Wills,x0310_0A,"x0556_0A,x0310_0A",<rdkit.Chem.rdchem.Mol object at 0x176493430>,Z4048800382,steph_fragnetv2_Z4048800382
COC(=O)c1cc(NC(=O)C(C)C(F)(F)F)n(C)n1,Steph Wills,x0310_0A,"x0556_0A,x0310_0A",<rdkit.Chem.rdchem.Mol object at 0x176493510>,Z3087212923,steph_fragnetv2_Z3087212923
CCOC(=O)c1cc(NC(=O)C(C)(C)C(C)(F)F)n(C)n1,Steph Wills,x0310_0A,"x0556_0A,x0310_0A",<rdkit.Chem.rdchem.Mol object at 0x176493660>,Z3609361580,steph_fragnetv2_Z3609361580
CC(C)=CC(=O)Nc1c(C)c(C)nn1C,Steph Wills,x0310_0A,"x0556_0A,x0310_0A",<rdkit.Chem.rdchem.Mol object at 0x1764936d0>,Z1144426812,steph_fragnetv2_Z1144426812
CCc1cc(NC(=O)CSC(F)F)n(C)n1,Steph Wills,x0310_0A,"x0556_0A,x0310_0A",<rdkit.Chem.rdchem.Mol object at 0x176493740>,Z2269136516,steph_fragnetv2_Z2269136516
CC=C(CC)C(=O)Nc1c(C)c(C)nn1C,Steph Wills,x0310_0A,"x0556_0A,x0310_0A",<rdkit.Chem.rdchem.Mol object at 0x1764937b0>,Z1832661270,steph_fragnetv2_Z1832661270
