,reactant1_structuralScore,reactant1_mw,reactant1_smi,reactant1_metadata,reactant2_structuralScore,reactant2_mw,reactant2_smi,reactant2_metadata,product_smi,is_pains
0,0.0,283.100856908,O=C(O)Cc1cn(Cc2ccc(F)cc2)c2ccccc12,,0.0,255.013618528,Nc1ccc(S(=O)(=O)Nc2nccs2)cc1,,O=C(Cc1cn(Cc2ccc(F)cc2)c2ccccc12)Nc1ccc(S(=O)(=O)Nc2nccs2)cc1,False
1,0.0,283.100856908,O=C(O)Cc1cn(Cc2ccc(F)cc2)c2ccccc12,,0.118364468455755,347.4249999999998,Cc1cc(Nc2ccc(S(=O)(=O)Nc3nccs3)cc2)ncn1,"[{'catalogName': 'emolecules', 'catalogId': '5943034', 'smiles': 'Cc1cc(Nc2ccc(cc2)S(=O)(=O)Nc2nccs2)ncn1', 'link': 'https://search.emolecules.com/search/#?querytype=emoleculesid&p=1&query=5943034'}, {'catalogName': 'mcule', 'catalogId': 'MCULE-3747234856', 'smiles': 'S(=O)(=O)(C1C=CC(=CC=1)NC1C=C(C)N=CN=1)NC1SC=CN=1', 'link': 'https://mcule.com/MCULE-3747234856'}]",Cc1cc(N(C(=O)Cc2cn(Cc3ccc(F)cc3)c3ccccc23)c2ccc(S(=O)(=O)Nc3nccs3)cc2)ncn1,False
2,0.0,283.100856908,O=C(O)Cc1cn(Cc2ccc(F)cc2)c2ccccc12,,0.1383997861894909,295.3889999999997,Cc1cnc(NS(=O)(=O)c2ccc3c(c2)CCN3)s1,"[{'catalogName': 'emolecules', 'catalogId': '50059877', 'smiles': 'Cc1cnc(NS(=O)(=O)c2ccc3NCCc3c2)s1', 'link': 'https://search.emolecules.com/search/#?querytype=emoleculesid&p=1&query=50059877'}, {'catalogName': 'mcule', 'catalogId': 'MCULE-9333680673', 'smiles': 'S(=O)(=O)(C1C=CC2=C(CCN2)C=1)NC1SC(=CN=1)C', 'link': 'https://mcule.com/MCULE-9333680673'}]",Cc1cnc(NS(=O)(=O)c2ccc3c(c2)CCN3C(=O)Cc2cn(Cc3ccc(F)cc3)c3ccccc23)s1,False
3,0.0,283.100856908,O=C(O)Cc1cn(Cc2ccc(F)cc2)c2ccccc12,,0.1422006233890654,354.45699999999977,CCC(C)(N)C(=O)Nc1ccc(S(=O)(=O)Nc2nccs2)cc1,"[{'catalogName': 'mcule', 'catalogId': 'MCULE-9071938331', 'smiles': 'C(NC1=CC=C(C=C1)S(=O)(=O)NC1SC=CN=1)(=O)C(C)(CC)N', 'link': 'https://mcule.com/MCULE-9071938331'}]",CCC(C)(NC(=O)Cc1cn(Cc2ccc(F)cc2)c2ccccc12)C(=O)Nc1ccc(S(=O)(=O)Nc2nccs2)cc1,False
4,0.0,283.100856908,O=C(O)Cc1cn(Cc2ccc(F)cc2)c2ccccc12,,0.1504207404445204,383.47999999999985,COCc1nnc(Nc2ccc(S(=O)(=O)Nc3nccs3)cc2)s1,"[{'catalogName': 'mcule', 'catalogId': 'MCULE-8722616590', 'smiles': 'S(=O)(=O)(C1C=CC(=CC=1)NC1=NN=C(COC)S1)NC1SC=CN=1', 'link': 'https://mcule.com/MCULE-8722616590'}]",COCc1nnc(N(C(=O)Cc2cn(Cc3ccc(F)cc3)c3ccccc23)c2ccc(S(=O)(=O)Nc3nccs3)cc2)s1,False
5,0.0,283.100856908,O=C(O)Cc1cn(Cc2ccc(F)cc2)c2ccccc12,,0.1582562757246824,347.42499999999984,Cc1ccnc(Nc2ccc(S(=O)(=O)Nc3nccs3)cc2)n1,"[{'catalogName': 'mcule', 'catalogId': 'MCULE-5572622153', 'smiles': 'S(=O)(=O)(C1C=CC(=CC=1)NC1=NC=CC(C)=N1)NC1SC=CN=1', 'link': 'https://mcule.com/MCULE-5572622153'}]",Cc1ccnc(N(C(=O)Cc2cn(Cc3ccc(F)cc3)c3ccccc23)c2ccc(S(=O)(=O)Nc3nccs3)cc2)n1,False
6,0.0,283.100856908,O=C(O)Cc1cn(Cc2ccc(F)cc2)c2ccccc12,,0.1612044085845181,340.4299999999998,NCCCC(=O)Nc1ccc(S(=O)(=O)Nc2nccs2)cc1,"[{'catalogName': 'mcule', 'catalogId': 'MCULE-6088276411', 'smiles': 'C(NC1=CC=C(C=C1)S(=O)(=O)NC1SC=CN=1)(CCCN)=O', 'link': 'https://mcule.com/MCULE-6088276411'}]",O=C(Cc1cn(Cc2ccc(F)cc2)c2ccccc12)NCCCC(=O)Nc1ccc(S(=O)(=O)Nc2nccs2)cc1,False
7,0.0,283.100856908,O=C(O)Cc1cn(Cc2ccc(F)cc2)c2ccccc12,,0.1632549778154861,354.4569999999997,NCCCCC(=O)Nc1ccc(S(=O)(=O)Nc2nccs2)cc1,"[{'catalogName': 'mcule', 'catalogId': 'MCULE-3991951563', 'smiles': 'C(NC1=CC=C(C=C1)S(=O)(=O)NC1SC=CN=1)(CCCCN)=O', 'link': 'https://mcule.com/MCULE-3991951563'}]",O=C(Cc1cn(Cc2ccc(F)cc2)c2ccccc12)NCCCCC(=O)Nc1ccc(S(=O)(=O)Nc2nccs2)cc1,False
8,0.0,283.100856908,O=C(O)Cc1cn(Cc2ccc(F)cc2)c2ccccc12,,0.1717410806839957,349.3969999999999,O=C(Nc1ccc(S(=O)(=O)Nc2nccs2)cc1)c1c[nH]cn1,"[{'catalogName': 'mcule_ultimate', 'catalogId': 'UYWLXXRRPDTCOZ-UHFFFAOYSA-N', 'smiles': 'C1=CC(=CC=C1NC(=O)C2=CNC=N2)S(=O)(=O)NC3=NC=CS3', 'link': 'https://ultimateapp.mcule.com/search/?t=exact&q=UYWLXXRRPDTCOZ-UHFFFAOYSA-N'}]",O=C(Nc1ccc(S(=O)(=O)Nc2nccs2)cc1)c1cn(C(=O)Cc2cn(Cc3ccc(F)cc3)c3ccccc23)cn1,False
9,0.0,283.100856908,O=C(O)Cc1cn(Cc2ccc(F)cc2)c2ccccc12,,0.1718288880343075,395.89299999999986,O=S(=O)(Nc1nccs1)c1ccc(NCc2cc(Cl)ccc2O)cc1,"[{'catalogName': 'molport', 'catalogId': 'MolPort-002-001-016', 'smiles': 'Oc1ccc(Cl)cc1CNc1ccc(cc1)S(=O)(=O)Nc1nccs1', 'link': 'https://www.molport.com/shop/molecule-link/MolPort-002-001-016'}, {'catalogName': 'surechembl', 'catalogId': 'SCHEMBL16646114', 'smiles': 'C1=CC(=CC=C1NCC2=CC(=CC=C2O)Cl)S(=O)(=O)NC3=NC=CS3', 'link': 'https://www.surechembl.org/chemical/SCHEMBL16646114/'}]",O=C(Cc1cn(Cc2ccc(F)cc2)c2ccccc12)N(Cc1cc(Cl)ccc1O)c1ccc(S(=O)(=O)Nc2nccs2)cc1,True
10,0.0,283.100856908,O=C(O)Cc1cn(Cc2ccc(F)cc2)c2ccccc12,,0.1758010713279707,326.4029999999998,CNCC(=O)Nc1ccc(S(=O)(=O)Nc2nccs2)cc1,"[{'catalogName': 'mcule', 'catalogId': 'MCULE-3743417355', 'smiles': 'C(NC1=CC=C(C=C1)S(=O)(=O)NC1SC=CN=1)(CNC)=O', 'link': 'https://mcule.com/MCULE-3743417355'}]",CN(CC(=O)Nc1ccc(S(=O)(=O)Nc2nccs2)cc1)C(=O)Cc1cn(Cc2ccc(F)cc2)c2ccccc12,False
11,0.0,283.100856908,O=C(O)Cc1cn(Cc2ccc(F)cc2)c2ccccc12,,0.1763819340491653,418.49999999999983,CC(=O)c1c(C)[nH]c(C(=O)Nc2ccc(S(=O)(=O)Nc3nccs3)cc2)c1C,"[{'catalogName': 'enamine_bb', 'catalogId': 'Z30537939', 'smiles': 'CC(=O)c1c(C)[nH]c(C(=O)Nc2ccc(S(=O)(=O)Nc3nccs3)cc2)c1C', 'link': 'https://www.enaminestore.com/catalog/Z30537939'}]",CC(=O)c1c(C)c(C(=O)Nc2ccc(S(=O)(=O)Nc3nccs3)cc2)n(C(=O)Cc2cn(Cc3ccc(F)cc3)c3ccccc23)c1C,False
12,0.0,283.100856908,O=C(O)Cc1cn(Cc2ccc(F)cc2)c2ccccc12,,0.183810488086322,348.4089999999999,O=C(Nc1ccc(S(=O)(=O)Nc2nccs2)cc1)c1ccc[nH]1,"[{'catalogName': 'mcule', 'catalogId': 'MCULE-7942537234', 'smiles': 'S(=O)(=O)(C1=CC=C(C=C1)NC(=O)C1=CC=CN1)NC1SC=CN=1', 'link': 'https://mcule.com/MCULE-7942537234'}]",O=C(Nc1ccc(S(=O)(=O)Nc2nccs2)cc1)c1cccn1C(=O)Cc1cn(Cc2ccc(F)cc2)c2ccccc12,False
13,0.0,283.100856908,O=C(O)Cc1cn(Cc2ccc(F)cc2)c2ccccc12,,0.1941663877367371,347.4249999999998,Cc1ccc(Nc2ccc(S(=O)(=O)Nc3nccs3)cc2)nn1,"[{'catalogName': 'mcule', 'catalogId': 'MCULE-3513616393', 'smiles': 'S(=O)(=O)(C1C=CC(=CC=1)NC1C=CC(=NN=1)C)NC1SC=CN=1', 'link': 'https://mcule.com/MCULE-3513616393'}]",Cc1ccc(N(C(=O)Cc2cn(Cc3ccc(F)cc3)c3ccccc23)c2ccc(S(=O)(=O)Nc3nccs3)cc2)nn1,False
14,0.0,283.100856908,O=C(O)Cc1cn(Cc2ccc(F)cc2)c2ccccc12,,0.198598725350128,349.3969999999999,O=C(Nc1ccc(S(=O)(=O)Nc2nccs2)cc1)c1cn[nH]c1,"[{'catalogName': 'mcule_ultimate', 'catalogId': 'CHTSWXSQBFOVEN-UHFFFAOYSA-N', 'smiles': 'C1=CC(=CC=C1NC(=O)C2=CNN=C2)S(=O)(=O)NC3=NC=CS3', 'link': 'https://ultimateapp.mcule.com/search/?t=exact&q=CHTSWXSQBFOVEN-UHFFFAOYSA-N'}]",O=C(Nc1ccc(S(=O)(=O)Nc2nccs2)cc1)c1cnn(C(=O)Cc2cn(Cc3ccc(F)cc3)c3ccccc23)c1,False
15,0.0,283.100856908,O=C(O)Cc1cn(Cc2ccc(F)cc2)c2ccccc12,,0.2021869144630813,349.3969999999999,O=C(Nc1ccc(S(=O)(=O)Nc2nccs2)cc1)c1cc[nH]n1,"[{'catalogName': 'mcule', 'catalogId': 'MCULE-7364085768', 'smiles': 'S(=O)(=O)(C1=CC=C(C=C1)NC(=O)C1C=CNN=1)NC1SC=CN=1', 'link': 'https://mcule.com/MCULE-7364085768'}, {'catalogName': 'mcule_ultimate', 'catalogId': 'CQUGWEHFZQWUED-UHFFFAOYSA-N', 'smiles': 'C1=CC(=CC=C1NC(=O)C2=CC=NN2)S(=O)(=O)NC3=NC=CS3', 'link': 'https://ultimateapp.mcule.com/search/?t=exact&q=CQUGWEHFZQWUED-UHFFFAOYSA-N'}]",O=C(Nc1ccc(S(=O)(=O)Nc2nccs2)cc1)c1ccn(C(=O)Cc2cn(Cc3ccc(F)cc3)c3ccccc23)n1,False
16,0.0,283.100856908,O=C(O)Cc1cn(Cc2ccc(F)cc2)c2ccccc12,,0.2029141982447382,354.45699999999977,CCCC(N)C(=O)Nc1ccc(S(=O)(=O)Nc2nccs2)cc1,"[{'catalogName': 'mcule', 'catalogId': 'MCULE-6128262348', 'smiles': 'C(NC1=CC=C(C=C1)S(=O)(=O)NC1SC=CN=1)(C(CCC)N)=O', 'link': 'https://mcule.com/MCULE-6128262348'}]",CCCC(NC(=O)Cc1cn(Cc2ccc(F)cc2)c2ccccc12)C(=O)Nc1ccc(S(=O)(=O)Nc2nccs2)cc1,False
17,0.0,283.100856908,O=C(O)Cc1cn(Cc2ccc(F)cc2)c2ccccc12,,0.2046994316794788,352.4409999999998,O=C(Nc1ccc(S(=O)(=O)Nc2nccs2)cc1)[C@@H]1CCCN1,"[{'catalogName': 'mcule', 'catalogId': 'MCULE-9909157590', 'smiles': 'C(NC1=CC=C(C=C1)S(=O)(=O)NC1SC=CN=1)(=O)[C@@H]1CCCN1', 'link': 'https://mcule.com/MCULE-9909157590'}]",O=C(Nc1ccc(S(=O)(=O)Nc2nccs2)cc1)[C@@H]1CCCN1C(=O)Cc1cn(Cc2ccc(F)cc2)c2ccccc12,False
18,0.0,283.100856908,O=C(O)Cc1cn(Cc2ccc(F)cc2)c2ccccc12,,0.2047420637008804,399.45699999999994,O=C(Nc1ccc(S(=O)(=O)Nc2nccs2)cc1)c1n[nH]c2ccccc12,"[{'catalogName': 'enamine_bb', 'catalogId': 'Z32082960', 'smiles': 'O=C(Nc1ccc(S(=O)(=O)Nc2nccs2)cc1)c1n[nH]c2ccccc12', 'link': 'https://www.enaminestore.com/catalog/Z32082960'}]",O=C(Nc1ccc(S(=O)(=O)Nc2nccs2)cc1)c1nn(C(=O)Cc2cn(Cc3ccc(F)cc3)c3ccccc23)c2ccccc12,False
19,0.0,283.100856908,O=C(O)Cc1cn(Cc2ccc(F)cc2)c2ccccc12,,0.212080742044435,326.4029999999998,NCCC(=O)Nc1ccc(S(=O)(=O)Nc2nccs2)cc1,"[{'catalogName': 'mcule', 'catalogId': 'MCULE-3236923055', 'smiles': 'C(NC1=CC=C(C=C1)S(=O)(=O)NC1SC=CN=1)(CCN)=O', 'link': 'https://mcule.com/MCULE-3236923055'}]",O=C(Cc1cn(Cc2ccc(F)cc2)c2ccccc12)NCCC(=O)Nc1ccc(S(=O)(=O)Nc2nccs2)cc1,False
20,0.0,283.100856908,O=C(O)Cc1cn(Cc2ccc(F)cc2)c2ccccc12,,0.2158036837680393,312.3759999999998,NCC(=O)Nc1ccc(S(=O)(=O)Nc2nccs2)cc1,"[{'catalogName': 'mcule', 'catalogId': 'MCULE-9663274032', 'smiles': 'C(NC1=CC=C(C=C1)S(=O)(=O)NC1SC=CN=1)(CN)=O', 'link': 'https://mcule.com/MCULE-9663274032'}]",O=C(Cc1cn(Cc2ccc(F)cc2)c2ccccc12)NCC(=O)Nc1ccc(S(=O)(=O)Nc2nccs2)cc1,False
21,0.0,283.100856908,O=C(O)Cc1cn(Cc2ccc(F)cc2)c2ccccc12,,0.2172618240224883,432.5269999999998,CCOc1ccccc1NC(=O)CN(c1nccs1)S(=O)(=O)c1ccc(N)cc1,"[{'catalogName': 'enamine_bb', 'catalogId': 'Z56910335', 'smiles': 'CCOc1ccccc1NC(=O)CN(c1nccs1)S(=O)(=O)c1ccc(N)cc1', 'link': 'https://www.enaminestore.com/catalog/Z56910335'}]",CCOc1ccccc1NC(=O)CN(c1nccs1)S(=O)(=O)c1ccc(NC(=O)Cc2cn(Cc3ccc(F)cc3)c3ccccc23)cc1,False
22,0.0,283.100856908,O=C(O)Cc1cn(Cc2ccc(F)cc2)c2ccccc12,,0.2174401282211142,396.4789999999999,O=C(CSc1nnc[nH]1)Nc1ccc(S(=O)(=O)Nc2nccs2)cc1,"[{'catalogName': 'molport', 'catalogId': 'MolPort-002-229-116', 'smiles': 'O=C(CSc1nnc[nH]1)Nc1ccc(cc1)S(=O)(=O)Nc1nccs1', 'link': 'https://www.molport.com/shop/molecule-link/MolPort-002-229-116'}]",O=C(CSc1nncn1C(=O)Cc1cn(Cc2ccc(F)cc2)c2ccccc12)Nc1ccc(S(=O)(=O)Nc2nccs2)cc1,False
23,0.0,283.100856908,O=C(O)Cc1cn(Cc2ccc(F)cc2)c2ccccc12,,0.2186858671752864,368.4839999999997,CC(C)CC(N)C(=O)Nc1ccc(S(=O)(=O)Nc2nccs2)cc1,"[{'catalogName': 'mcule', 'catalogId': 'MCULE-1275670315', 'smiles': 'C(NC1=CC=C(C=C1)S(=O)(=O)NC1SC=CN=1)(=O)C(N)CC(C)C', 'link': 'https://mcule.com/MCULE-1275670315'}]",CC(C)CC(NC(=O)Cc1cn(Cc2ccc(F)cc2)c2ccccc12)C(=O)Nc1ccc(S(=O)(=O)Nc2nccs2)cc1,False
24,0.0,283.100856908,O=C(O)Cc1cn(Cc2ccc(F)cc2)c2ccccc12,,0.2191348768436114,372.4969999999998,NCCSCC(=O)Nc1ccc(S(=O)(=O)Nc2nccs2)cc1,"[{'catalogName': 'mcule', 'catalogId': 'MCULE-9726113633', 'smiles': 'S(=O)(=O)(C1C=CC(=CC=1)NC(CSCCN)=O)NC1SC=CN=1', 'link': 'https://mcule.com/MCULE-9726113633'}]",O=C(Cc1cn(Cc2ccc(F)cc2)c2ccccc12)NCCSCC(=O)Nc1ccc(S(=O)(=O)Nc2nccs2)cc1,False
25,0.0,283.100856908,O=C(O)Cc1cn(Cc2ccc(F)cc2)c2ccccc12,,0.2226881276368104,368.4839999999997,CCCCC(N)C(=O)Nc1ccc(S(=O)(=O)Nc2nccs2)cc1,"[{'catalogName': 'mcule', 'catalogId': 'MCULE-6242973238', 'smiles': 'C(NC1=CC=C(C=C1)S(=O)(=O)NC1SC=CN=1)(C(CCCC)N)=O', 'link': 'https://mcule.com/MCULE-6242973238'}]",CCCCC(NC(=O)Cc1cn(Cc2ccc(F)cc2)c2ccccc12)C(=O)Nc1ccc(S(=O)(=O)Nc2nccs2)cc1,False
26,0.0,283.100856908,O=C(O)Cc1cn(Cc2ccc(F)cc2)c2ccccc12,,0.2229396219761842,349.39299999999986,Nc1ccc(S(=O)(=O)Nc2nc3ccc(C(=O)O)cc3s2)cc1,"[{'catalogName': 'molport', 'catalogId': 'MolPort-005-909-477', 'smiles': 'Nc1ccc(cc1)S(=O)(=O)Nc1nc2ccc(cc2s1)C(O)=O', 'link': 'https://www.molport.com/shop/molecule-link/MolPort-005-909-477'}, {'catalogName': 'sigma', 'catalogId': '158565259', 'smiles': 'Nc1ccc(S(=O)(=O)Nc2nc3ccc(C(=O)O)cc3s2)cc1', 'link': 'https://www.aldrichmarketselect.com/list_search.php?text_stuff=158565259&listFormat=STRUCTURE_ID&init_qty=1&qty_UOM=1'}]",O=C(Cc1cn(Cc2ccc(F)cc2)c2ccccc12)Nc1ccc(S(=O)(=O)Nc2nc3ccc(C(=O)O)cc3s2)cc1,False
27,0.0,283.100856908,O=C(O)Cc1cn(Cc2ccc(F)cc2)c2ccccc12,,0.2229415414419071,270.3389999999998,NNc1ccc(S(=O)(=O)Nc2nccs2)cc1,"[{'catalogName': 'enamine_made', 'catalogId': 'BBV-22262464', 'smiles': 'c1cc(ccc1NN)S(=O)(=O)Nc2nccs2'}, {'catalogName': 'emolecules', 'catalogId': '37156112', 'smiles': 'Cl.Cl.NNc1ccc(cc1)S(=O)(=O)Nc1nccs1', 'link': 'https://search.emolecules.com/search/#?querytype=emoleculesid&p=1&query=37156112'}, {'catalogName': 'enamine_bb', 'catalogId': 'EN300-99042', 'smiles': 'Cl.Cl.NNc1ccc(S(=O)(=O)Nc2nccs2)cc1', 'link': 'https://www.enaminestore.com/catalog/EN300-99042'}, {'catalogName': 'mcule', 'catalogId': 'MCULE-4930424484', 'smiles': 'S(=O)(=O)(C1C=CC(=CC=1)NN)NC1SC=CN=1', 'link': 'https://mcule.com/MCULE-4930424484'}, {'catalogName': 'mcule', 'catalogId': 'MCULE-7316485238', 'smiles': 'Cl.Cl.S(=O)(=O)(C1C=CC(=CC=1)NN)NC1SC=CN=1', 'link': 'https://mcule.com/MCULE-7316485238'}]",O=C(Cc1cn(Cc2ccc(F)cc2)c2ccccc12)NNc1ccc(S(=O)(=O)Nc2nccs2)cc1,False
28,0.0,283.100856908,O=C(O)Cc1cn(Cc2ccc(F)cc2)c2ccccc12,,0.2229415414419071,270.3389999999998,NNc1ccc(S(=O)(=O)Nc2nccs2)cc1,"[{'catalogName': 'enamine_made', 'catalogId': 'BBV-22262464', 'smiles': 'c1cc(ccc1NN)S(=O)(=O)Nc2nccs2'}, {'catalogName': 'emolecules', 'catalogId': '37156112', 'smiles': 'Cl.Cl.NNc1ccc(cc1)S(=O)(=O)Nc1nccs1', 'link': 'https://search.emolecules.com/search/#?querytype=emoleculesid&p=1&query=37156112'}, {'catalogName': 'enamine_bb', 'catalogId': 'EN300-99042', 'smiles': 'Cl.Cl.NNc1ccc(S(=O)(=O)Nc2nccs2)cc1', 'link': 'https://www.enaminestore.com/catalog/EN300-99042'}, {'catalogName': 'mcule', 'catalogId': 'MCULE-4930424484', 'smiles': 'S(=O)(=O)(C1C=CC(=CC=1)NN)NC1SC=CN=1', 'link': 'https://mcule.com/MCULE-4930424484'}, {'catalogName': 'mcule', 'catalogId': 'MCULE-7316485238', 'smiles': 'Cl.Cl.S(=O)(=O)(C1C=CC(=CC=1)NN)NC1SC=CN=1', 'link': 'https://mcule.com/MCULE-7316485238'}]",NN(C(=O)Cc1cn(Cc2ccc(F)cc2)c2ccccc12)c1ccc(S(=O)(=O)Nc2nccs2)cc1,False
29,0.0,283.100856908,O=C(O)Cc1cn(Cc2ccc(F)cc2)c2ccccc12,,0.2309853664473209,396.4789999999999,O=C(CSc1cnn[nH]1)Nc1ccc(S(=O)(=O)Nc2nccs2)cc1,"[{'catalogName': 'molport', 'catalogId': 'MolPort-044-809-304', 'smiles': 'O=C(CSc1cnn[nH]1)Nc1ccc(cc1)S(=O)(=O)Nc1nccs1', 'link': 'https://www.molport.com/shop/molecule-link/MolPort-044-809-304'}]",O=C(CSc1cnnn1C(=O)Cc1cn(Cc2ccc(F)cc2)c2ccccc12)Nc1ccc(S(=O)(=O)Nc2nccs2)cc1,False
30,0.0,283.100856908,O=C(O)Cc1cn(Cc2ccc(F)cc2)c2ccccc12,,0.237141826739048,348.4089999999999,O=C(Nc1ccc(S(=O)(=O)Nc2nccs2)cc1)c1cc[nH]c1,"[{'catalogName': 'mcule_ultimate', 'catalogId': 'WLPSUASAULMSLR-UHFFFAOYSA-N', 'smiles': 'C1=CC(=CC=C1NC(=O)C2=CNC=C2)S(=O)(=O)NC3=NC=CS3', 'link': 'https://ultimateapp.mcule.com/search/?t=exact&q=WLPSUASAULMSLR-UHFFFAOYSA-N'}]",O=C(Nc1ccc(S(=O)(=O)Nc2nccs2)cc1)c1ccn(C(=O)Cc2cn(Cc3ccc(F)cc3)c3ccccc23)c1,False
31,0.0,283.100856908,O=C(O)Cc1cn(Cc2ccc(F)cc2)c2ccccc12,,0.2380943003570858,299.33299999999986,Nc1ccc(S(=O)(=O)Nc2ncc(C(=O)O)s2)cc1,"[{'catalogName': 'mcule', 'catalogId': 'MCULE-4363626419', 'smiles': 'C1C(N)=CC=C(S(NC2SC(C(O)=O)=CN=2)(=O)=O)C=1', 'link': 'https://mcule.com/MCULE-4363626419'}]",O=C(Cc1cn(Cc2ccc(F)cc2)c2ccccc12)Nc1ccc(S(=O)(=O)Nc2ncc(C(=O)O)s2)cc1,False
32,0.0,283.100856908,O=C(O)Cc1cn(Cc2ccc(F)cc2)c2ccccc12,,0.239820036362016,350.3849999999999,O=C(Nc1ccc(S(=O)(=O)Nc2nccs2)cc1)c1cn[nH]n1,"[{'catalogName': 'mcule_ultimate', 'catalogId': 'WKXKGDOUFHTONH-UHFFFAOYSA-N', 'smiles': 'C1=CC(=CC=C1NC(=O)C2=NNN=C2)S(=O)(=O)NC3=NC=CS3', 'link': 'https://ultimateapp.mcule.com/search/?t=exact&q=WKXKGDOUFHTONH-UHFFFAOYSA-N'}]",O=C(Nc1ccc(S(=O)(=O)Nc2nccs2)cc1)c1cnn(C(=O)Cc2cn(Cc3ccc(F)cc3)c3ccccc23)n1,False
33,0.0,283.100856908,O=C(O)Cc1cn(Cc2ccc(F)cc2)c2ccccc12,,0.2415649413124761,375.4749999999998,Cc1ccc(O)c(CNc2ccc(S(=O)(=O)Nc3nccs3)cc2)c1,"[{'catalogName': 'molport', 'catalogId': 'MolPort-002-001-017', 'smiles': 'Cc1ccc(O)c(CNc2ccc(cc2)S(=O)(=O)Nc2nccs2)c1', 'link': 'https://www.molport.com/shop/molecule-link/MolPort-002-001-017'}, {'catalogName': 'molport', 'catalogId': 'MolPort-046-842-339', 'smiles': 'Cl.Cc1ccc(O)c(CNc2ccc(cc2)S(=O)(=O)Nc2nccs2)c1', 'link': 'https://www.molport.com/shop/molecule-link/MolPort-046-842-339'}]",Cc1ccc(O)c(CN(C(=O)Cc2cn(Cc3ccc(F)cc3)c3ccccc23)c2ccc(S(=O)(=O)Nc3nccs3)cc2)c1,True
34,0.0,283.100856908,O=C(O)Cc1cn(Cc2ccc(F)cc2)c2ccccc12,,0.2444563318555118,426.479,O=C(Nc1ccc(S(=O)(=O)Nc2nccs2)cc1)c1cc(=O)[nH]c2ccccc12,"[{'catalogName': 'enamine_bb', 'catalogId': 'Z57032223', 'smiles': 'O=C(Nc1ccc(S(=O)(=O)Nc2nccs2)cc1)c1cc(=O)[nH]c2ccccc12', 'link': 'https://www.enaminestore.com/catalog/Z57032223'}]",O=C(Nc1ccc(S(=O)(=O)Nc2nccs2)cc1)c1cc(=O)n(C(=O)Cc2cn(Cc3ccc(F)cc3)c3ccccc23)c2ccccc12,False
35,0.0,283.100856908,O=C(O)Cc1cn(Cc2ccc(F)cc2)c2ccccc12,,0.2517699773441022,430.33799999999985,O=S(=O)(Nc1nccs1)c1ccc(NCc2cc(Cl)cc(Cl)c2O)cc1,"[{'catalogName': 'molport', 'catalogId': 'MolPort-000-790-560', 'smiles': 'Oc1c(Cl)cc(Cl)cc1CNc1ccc(cc1)S(=O)(=O)Nc1nccs1', 'link': 'https://www.molport.com/shop/molecule-link/MolPort-000-790-560'}]",O=C(Cc1cn(Cc2ccc(F)cc2)c2ccccc12)N(Cc1cc(Cl)cc(Cl)c1O)c1ccc(S(=O)(=O)Nc2nccs2)cc1,True
36,0.0,283.100856908,O=C(O)Cc1cn(Cc2ccc(F)cc2)c2ccccc12,,0.2518538078264542,368.4839999999997,NCCCCCC(=O)Nc1ccc(S(=O)(=O)Nc2nccs2)cc1,"[{'catalogName': 'mcule', 'catalogId': 'MCULE-5976590983', 'smiles': 'C(NC1=CC=C(C=C1)S(=O)(=O)NC1SC=CN=1)(CCCCCN)=O', 'link': 'https://mcule.com/MCULE-5976590983'}]",O=C(Cc1cn(Cc2ccc(F)cc2)c2ccccc12)NCCCCCC(=O)Nc1ccc(S(=O)(=O)Nc2nccs2)cc1,False
37,0.0,283.100856908,O=C(O)Cc1cn(Cc2ccc(F)cc2)c2ccccc12,,0.2524706903268397,354.45699999999977,CC(C)C(N)C(=O)Nc1ccc(S(=O)(=O)Nc2nccs2)cc1,"[{'catalogName': 'mcule', 'catalogId': 'MCULE-8154108573', 'smiles': 'C(NC1=CC=C(C=C1)S(=O)(=O)NC1SC=CN=1)(=O)C(C(C)C)N', 'link': 'https://mcule.com/MCULE-8154108573'}]",CC(C)C(NC(=O)Cc1cn(Cc2ccc(F)cc2)c2ccccc12)C(=O)Nc1ccc(S(=O)(=O)Nc2nccs2)cc1,False
38,0.0,283.100856908,O=C(O)Cc1cn(Cc2ccc(F)cc2)c2ccccc12,,0.2548019747305847,309.4159999999997,Cc1csc(NS(=O)(=O)c2ccc3c(c2)CCCN3)n1,"[{'catalogName': 'mcule', 'catalogId': 'MCULE-1192539715', 'smiles': 'S(=O)(=O)(C1C=CC2=C(CCCN2)C=1)NC1SC=C(C)N=1', 'link': 'https://mcule.com/MCULE-1192539715'}]",Cc1csc(NS(=O)(=O)c2ccc3c(c2)CCCN3C(=O)Cc2cn(Cc3ccc(F)cc3)c3ccccc23)n1,False
39,0.0,283.100856908,O=C(O)Cc1cn(Cc2ccc(F)cc2)c2ccccc12,,0.2584977518904476,346.43699999999984,O=S(=O)(Nc1nccs1)c1ccc(NCc2cccnc2)cc1,"[{'catalogName': 'emolecules', 'catalogId': '42810041', 'smiles': 'O=S(=O)(Nc1nccs1)c1ccc(NCc2cccnc2)cc1', 'link': 'https://search.emolecules.com/search/#?querytype=emoleculesid&p=1&query=42810041'}, {'catalogName': 'mcule', 'catalogId': 'MCULE-8188953505', 'smiles': 'S(=O)(=O)(C1C=CC(=CC=1)NCC1=CC=CN=C1)NC1SC=CN=1', 'link': 'https://mcule.com/MCULE-8188953505'}]",O=C(Cc1cn(Cc2ccc(F)cc2)c2ccccc12)N(Cc1cccnc1)c1ccc(S(=O)(=O)Nc2nccs2)cc1,False
40,0.0,283.100856908,O=C(O)Cc1cn(Cc2ccc(F)cc2)c2ccccc12,,0.2605346460435997,342.4019999999998,N[C@@H](CO)C(=O)Nc1ccc(S(=O)(=O)Nc2nccs2)cc1,"[{'catalogName': 'mcule', 'catalogId': 'MCULE-9554120498', 'smiles': 'C(NC1=CC=C(C=C1)S(=O)(=O)NC1SC=CN=1)(=O)[C@H](CO)N', 'link': 'https://mcule.com/MCULE-9554120498'}]",O=C(Cc1cn(Cc2ccc(F)cc2)c2ccccc12)N[C@@H](CO)C(=O)Nc1ccc(S(=O)(=O)Nc2nccs2)cc1,False
41,0.0,283.100856908,O=C(O)Cc1cn(Cc2ccc(F)cc2)c2ccccc12,,0.2619305256068987,335.40999999999985,O=S(=O)(Nc1nccs1)c1ccc(NCc2ccco2)cc1,"[{'catalogName': 'mcule', 'catalogId': 'MCULE-7249852553', 'smiles': 'S(=O)(=O)(C1=CC=C(C=C1)NCC1=CC=CO1)NC1SC=CN=1', 'link': 'https://mcule.com/MCULE-7249852553'}, {'catalogName': 'emolecules', 'catalogId': '42810053', 'smiles': 'O=S(=O)(Nc1nccs1)c1ccc(NCc2ccco2)cc1', 'link': 'https://search.emolecules.com/search/#?querytype=emoleculesid&p=1&query=42810053'}]",O=C(Cc1cn(Cc2ccc(F)cc2)c2ccccc12)N(Cc1ccco1)c1ccc(S(=O)(=O)Nc2nccs2)cc1,False
42,0.0,283.100856908,O=C(O)Cc1cn(Cc2ccc(F)cc2)c2ccccc12,,0.2663711714028748,391.4739999999998,COc1cccc(CNc2ccc(S(=O)(=O)Nc3nccs3)cc2)c1O,"[{'catalogName': 'molport', 'catalogId': 'MolPort-002-001-018', 'smiles': 'COc1cccc(CNc2ccc(cc2)S(=O)(=O)Nc2nccs2)c1O', 'link': 'https://www.molport.com/shop/molecule-link/MolPort-002-001-018'}]",COc1cccc(CN(C(=O)Cc2cn(Cc3ccc(F)cc3)c3ccccc23)c2ccc(S(=O)(=O)Nc3nccs3)cc2)c1O,True
43,0.0,283.100856908,O=C(O)Cc1cn(Cc2ccc(F)cc2)c2ccccc12,,0.2664776868972576,386.5239999999998,CSCCC(N)C(=O)Nc1ccc(S(=O)(=O)Nc2nccs2)cc1,"[{'catalogName': 'mcule', 'catalogId': 'MCULE-1419920604', 'smiles': 'C(NC1=CC=C(C=C1)S(=O)(=O)NC1SC=CN=1)(C(CCSC)N)=O', 'link': 'https://mcule.com/MCULE-1419920604'}]",CSCCC(NC(=O)Cc1cn(Cc2ccc(F)cc2)c2ccccc12)C(=O)Nc1ccc(S(=O)(=O)Nc2nccs2)cc1,False
44,0.0,283.100856908,O=C(O)Cc1cn(Cc2ccc(F)cc2)c2ccccc12,,0.2719223831758308,309.41599999999966,Cc1cnc(NS(=O)(=O)c2ccc3c(c2)CCCN3)s1,"[{'catalogName': 'mcule', 'catalogId': 'MCULE-1893426265', 'smiles': 'S(=O)(=O)(C1C=CC2=C(CCCN2)C=1)NC1SC(=CN=1)C', 'link': 'https://mcule.com/MCULE-1893426265'}]",Cc1cnc(NS(=O)(=O)c2ccc3c(c2)CCCN3C(=O)Cc2cn(Cc3ccc(F)cc3)c3ccccc23)s1,False
45,0.0,283.100856908,O=C(O)Cc1cn(Cc2ccc(F)cc2)c2ccccc12,,0.2757339130678489,364.41199999999986,Cc1nnc(Nc2ccc(S(=O)(=O)Nc3nccs3)cc2)[nH]c1=O,"[{'catalogName': 'emolecules', 'catalogId': '13084773', 'smiles': 'Cc1nnc(Nc2ccc(cc2)S(=O)(=O)Nc2nccs2)[nH]c1=O', 'link': 'https://search.emolecules.com/search/#?querytype=emoleculesid&p=1&query=13084773'}, {'catalogName': 'mcule', 'catalogId': 'MCULE-2385480739', 'smiles': 'S(=O)(=O)(C1=CC=C(C=C1)NC1=NN=C(C(=O)N1)C)NC1SC=CN=1', 'link': 'https://mcule.com/MCULE-2385480739'}]",Cc1nnc(N(C(=O)Cc2cn(Cc3ccc(F)cc3)c3ccccc23)c2ccc(S(=O)(=O)Nc3nccs3)cc2)[nH]c1=O,False
46,0.0,283.100856908,O=C(O)Cc1cn(Cc2ccc(F)cc2)c2ccccc12,,0.2757339130678489,364.41199999999986,Cc1nnc(Nc2ccc(S(=O)(=O)Nc3nccs3)cc2)[nH]c1=O,"[{'catalogName': 'emolecules', 'catalogId': '13084773', 'smiles': 'Cc1nnc(Nc2ccc(cc2)S(=O)(=O)Nc2nccs2)[nH]c1=O', 'link': 'https://search.emolecules.com/search/#?querytype=emoleculesid&p=1&query=13084773'}, {'catalogName': 'mcule', 'catalogId': 'MCULE-2385480739', 'smiles': 'S(=O)(=O)(C1=CC=C(C=C1)NC1=NN=C(C(=O)N1)C)NC1SC=CN=1', 'link': 'https://mcule.com/MCULE-2385480739'}]",Cc1nnc(Nc2ccc(S(=O)(=O)Nc3nccs3)cc2)n(C(=O)Cc2cn(Cc3ccc(F)cc3)c3ccccc23)c1=O,False
47,0.0,283.100856908,O=C(O)Cc1cn(Cc2ccc(F)cc2)c2ccccc12,,0.2821891241651882,412.49599999999987,O=C(Cc1c[nH]c2ccccc12)Nc1ccc(S(=O)(=O)Nc2nccs2)cc1,"[{'catalogName': 'enamine_bb', 'catalogId': 'Z30538184', 'smiles': 'O=C(Cc1c[nH]c2ccccc12)Nc1ccc(S(=O)(=O)Nc2nccs2)cc1', 'link': 'https://www.enaminestore.com/catalog/Z30538184'}]",O=C(Cc1cn(C(=O)Cc2cn(Cc3ccc(F)cc3)c3ccccc23)c2ccccc12)Nc1ccc(S(=O)(=O)Nc2nccs2)cc1,False
48,0.0,283.100856908,O=C(O)Cc1cn(Cc2ccc(F)cc2)c2ccccc12,,0.2843281023745693,333.3979999999999,O=S(=O)(Nc1nccs1)c1ccc(Nc2ncccn2)cc1,"[{'catalogName': 'surechembl', 'catalogId': 'SCHEMBL713988', 'smiles': 'C1=CN=C(N=C1)NC2=CC=C(C=C2)S(=O)(=O)NC3=NC=CS3', 'link': 'https://www.surechembl.org/chemical/SCHEMBL713988/'}, {'catalogName': 'mcule', 'catalogId': 'MCULE-6123203536', 'smiles': 'S(=O)(=O)(C1C=CC(=CC=1)NC1=NC=CC=N1)NC1SC=CN=1', 'link': 'https://mcule.com/MCULE-6123203536'}]",O=C(Cc1cn(Cc2ccc(F)cc2)c2ccccc12)N(c1ccc(S(=O)(=O)Nc2nccs2)cc1)c1ncccn1,False
49,0.0,283.100856908,O=C(O)Cc1cn(Cc2ccc(F)cc2)c2ccccc12,,0.285038725446455,326.4029999999998,C[C@H](N)C(=O)Nc1ccc(S(=O)(=O)Nc2nccs2)cc1,"[{'catalogName': 'mcule', 'catalogId': 'MCULE-5053135932', 'smiles': 'C(NC1=CC=C(C=C1)S(=O)(=O)NC1SC=CN=1)([C@H](C)N)=O', 'link': 'https://mcule.com/MCULE-5053135932'}]",C[C@H](NC(=O)Cc1cn(Cc2ccc(F)cc2)c2ccccc12)C(=O)Nc1ccc(S(=O)(=O)Nc2nccs2)cc1,False
50,0.0,283.100856908,O=C(O)Cc1cn(Cc2ccc(F)cc2)c2ccccc12,,0.2869603696656174,367.4809999999998,CCc1nnc(Nc2ccc(S(=O)(=O)Nc3nccs3)cc2)s1,"[{'catalogName': 'mcule', 'catalogId': 'MCULE-2339062896', 'smiles': 'S(=O)(=O)(C1C=CC(=CC=1)NC1=NN=C(CC)S1)NC1SC=CN=1', 'link': 'https://mcule.com/MCULE-2339062896'}]",CCc1nnc(N(C(=O)Cc2cn(Cc3ccc(F)cc3)c3ccccc23)c2ccc(S(=O)(=O)Nc3nccs3)cc2)s1,False
51,0.0,283.100856908,O=C(O)Cc1cn(Cc2ccc(F)cc2)c2ccccc12,,0.2884997568586168,519.2400000000004,O=S(=O)(Nc1nccs1)c1ccc(NCc2cc(Br)cc(Br)c2O)cc1,"[{'catalogName': 'molport', 'catalogId': 'MolPort-000-797-044', 'smiles': 'Oc1c(Br)cc(Br)cc1CNc1ccc(cc1)S(=O)(=O)Nc1nccs1', 'link': 'https://www.molport.com/shop/molecule-link/MolPort-000-797-044'}]",O=C(Cc1cn(Cc2ccc(F)cc2)c2ccccc12)N(Cc1cc(Br)cc(Br)c1O)c1ccc(S(=O)(=O)Nc2nccs2)cc1,True
52,0.0,283.100856908,O=C(O)Cc1cn(Cc2ccc(F)cc2)c2ccccc12,,0.289982932305462,413.477,Nc1ccc(S(=O)(=O)N(c2nccs2)S(=O)(=O)c2ccc(F)cc2)cc1,"[{'catalogName': 'molport', 'catalogId': 'MolPort-035-945-066', 'smiles': 'Nc1ccc(cc1)S(=O)(=O)N(c1nccs1)S(=O)(=O)c1ccc(F)cc1', 'link': 'https://www.molport.com/shop/molecule-link/MolPort-035-945-066'}]",O=C(Cc1cn(Cc2ccc(F)cc2)c2ccccc12)Nc1ccc(S(=O)(=O)N(c2nccs2)S(=O)(=O)c2ccc(F)cc2)cc1,False
53,0.0,283.100856908,O=C(O)Cc1cn(Cc2ccc(F)cc2)c2ccccc12,,0.2906348671443486,326.4029999999998,CC(N)C(=O)Nc1ccc(S(=O)(=O)Nc2nccs2)cc1,"[{'catalogName': 'mcule', 'catalogId': 'MCULE-4030164866', 'smiles': 'C(NC1=CC=C(C=C1)S(=O)(=O)NC1SC=CN=1)(C(C)N)=O', 'link': 'https://mcule.com/MCULE-4030164866'}]",CC(NC(=O)Cc1cn(Cc2ccc(F)cc2)c2ccccc12)C(=O)Nc1ccc(S(=O)(=O)Nc2nccs2)cc1,False
54,0.0,283.100856908,O=C(O)Cc1cn(Cc2ccc(F)cc2)c2ccccc12,,0.2968678109688615,313.3599999999998,Nc1ccc(S(=O)(=O)Nc2nc(CC(=O)O)cs2)cc1,"[{'catalogName': 'mcule', 'catalogId': 'MCULE-9452145226', 'smiles': 'S1C=C(CC(O)=O)N=C1NS(C1=CC=C(N)C=C1)(=O)=O', 'link': 'https://mcule.com/MCULE-9452145226'}]",O=C(O)Cc1csc(NS(=O)(=O)c2ccc(NC(=O)Cc3cn(Cc4ccc(F)cc4)c4ccccc34)cc2)n1,False
55,0.0,283.100856908,O=C(O)Cc1cn(Cc2ccc(F)cc2)c2ccccc12,,0.3024920368796174,340.4299999999998,CCC(N)C(=O)Nc1ccc(S(=O)(=O)Nc2nccs2)cc1,"[{'catalogName': 'mcule', 'catalogId': 'MCULE-8287601363', 'smiles': 'C(NC1=CC=C(C=C1)S(=O)(=O)NC1SC=CN=1)(C(CC)N)=O', 'link': 'https://mcule.com/MCULE-8287601363'}]",CCC(NC(=O)Cc1cn(Cc2ccc(F)cc2)c2ccccc12)C(=O)Nc1ccc(S(=O)(=O)Nc2nccs2)cc1,False
56,0.0,283.100856908,O=C(O)Cc1cn(Cc2ccc(F)cc2)c2ccccc12,,0.3083218324469099,428.2929999999999,O=C(Nc1ccc(S(=O)(=O)Nc2nccs2)cc1)c1[nH]ncc1Br,"[{'catalogName': 'mcule_ultimate', 'catalogId': 'VPLDIQPHGLQRHE-UHFFFAOYSA-N', 'smiles': 'C1=CC(=CC=C1NC(=O)C2=C(C=NN2)Br)S(=O)(=O)NC3=NC=CS3', 'link': 'https://ultimateapp.mcule.com/search/?t=exact&q=VPLDIQPHGLQRHE-UHFFFAOYSA-N'}]",O=C(Nc1ccc(S(=O)(=O)Nc2nccs2)cc1)c1c(Br)cnn1C(=O)Cc1cn(Cc2ccc(F)cc2)c2ccccc12,False
57,0.0,283.100856908,O=C(O)Cc1cn(Cc2ccc(F)cc2)c2ccccc12,,0.309168637051027,457.79199999999975,CCC(=O)NC(Nc1ccc(S(=O)(=O)Nc2nccs2)cc1)C(Cl)(Cl)Cl,"[{'catalogName': 'molport', 'catalogId': 'MolPort-000-419-272', 'smiles': 'CCC(=O)NC(Nc1ccc(cc1)S(=O)(=O)Nc1nccs1)C(Cl)(Cl)Cl', 'link': 'https://www.molport.com/shop/molecule-link/MolPort-000-419-272'}]",CCC(=O)NC(N(C(=O)Cc1cn(Cc2ccc(F)cc2)c2ccccc12)c1ccc(S(=O)(=O)Nc2nccs2)cc1)C(Cl)(Cl)Cl,False
58,0.0,283.100856908,O=C(O)Cc1cn(Cc2ccc(F)cc2)c2ccccc12,,0.3114342298889556,254.3160000000001,Nc1ccc(S(=O)(=O)[N-]c2nccs2)cc1,"[{'catalogName': 'molport', 'catalogId': 'MolPort-002-964-503', 'smiles': 'Nc1ccc(cc1)S(=O)(=O)N([Na])c1nccs1', 'link': 'https://www.molport.com/shop/molecule-link/MolPort-002-964-503'}]",O=C(Cc1cn(Cc2ccc(F)cc2)c2ccccc12)Nc1ccc(S(=O)(=O)[N-]c2nccs2)cc1,False
59,0.0,283.100856908,O=C(O)Cc1cn(Cc2ccc(F)cc2)c2ccccc12,,0.3180923881686398,370.4809999999998,O=C(Nc1ccc(S(=O)(=O)Nc2nccs2)cc1)C1CSCN1,"[{'catalogName': 'mcule', 'catalogId': 'MCULE-3298671001', 'smiles': 'C1(CSCN1)C(NC1=CC=C(C=C1)S(=O)(=O)NC1SC=CN=1)=O', 'link': 'https://mcule.com/MCULE-3298671001'}]",O=C(Nc1ccc(S(=O)(=O)Nc2nccs2)cc1)C1CSCN1C(=O)Cc1cn(Cc2ccc(F)cc2)c2ccccc12,False
60,0.0,283.100856908,O=C(O)Cc1cn(Cc2ccc(F)cc2)c2ccccc12,,0.3240350881264523,369.4279999999998,NC(=O)C[C@H](N)C(=O)Nc1ccc(S(=O)(=O)Nc2nccs2)cc1,"[{'catalogName': 'mcule', 'catalogId': 'MCULE-8380126699', 'smiles': 'C([C@H](N)C(NC1=CC=C(C=C1)S(=O)(=O)NC1SC=CN=1)=O)C(N)=O', 'link': 'https://mcule.com/MCULE-8380126699'}]",NC(=O)C[C@H](NC(=O)Cc1cn(Cc2ccc(F)cc2)c2ccccc12)C(=O)Nc1ccc(S(=O)(=O)Nc2nccs2)cc1,False
61,0.0,283.100856908,O=C(O)Cc1cn(Cc2ccc(F)cc2)c2ccccc12,,0.3257944108813945,440.3439999999999,O=S(=O)(Nc1nccs1)c1ccc(NCc2cc(Br)ccc2O)cc1,"[{'catalogName': 'molport', 'catalogId': 'MolPort-000-796-167', 'smiles': 'Oc1ccc(Br)cc1CNc1ccc(cc1)S(=O)(=O)Nc1nccs1', 'link': 'https://www.molport.com/shop/molecule-link/MolPort-000-796-167'}]",O=C(Cc1cn(Cc2ccc(F)cc2)c2ccccc12)N(Cc1cc(Br)ccc1O)c1ccc(S(=O)(=O)Nc2nccs2)cc1,True
62,0.0,283.100856908,O=C(O)Cc1cn(Cc2ccc(F)cc2)c2ccccc12,,0.3291331541185449,345.44899999999984,O=S(=O)(Nc1nccs1)c1ccc(NCc2ccccc2)cc1,"[{'catalogName': 'emolecules', 'catalogId': '42809927', 'smiles': 'O=S(=O)(Nc1nccs1)c1ccc(NCc2ccccc2)cc1', 'link': 'https://search.emolecules.com/search/#?querytype=emoleculesid&p=1&query=42809927'}, {'catalogName': 'mcule', 'catalogId': 'MCULE-6515237642', 'smiles': 'S(=O)(=O)(C1=CC=C(C=C1)NCC1C=CC=CC=1)NC1SC=CN=1', 'link': 'https://mcule.com/MCULE-6515237642'}]",O=C(Cc1cn(Cc2ccc(F)cc2)c2ccccc12)N(Cc1ccccc1)c1ccc(S(=O)(=O)Nc2nccs2)cc1,False
63,0.0,283.100856908,O=C(O)Cc1cn(Cc2ccc(F)cc2)c2ccccc12,,0.3344889540337292,363.42399999999986,Cc1nc[nH]c1C(=O)Nc1ccc(S(=O)(=O)Nc2nccs2)cc1,"[{'catalogName': 'mcule_ultimate', 'catalogId': 'WLUJBRPWCDPZLH-UHFFFAOYSA-N', 'smiles': 'CC1=C(NC=N1)C(=O)NC2=CC=C(C=C2)S(=O)(=O)NC3=NC=CS3', 'link': 'https://ultimateapp.mcule.com/search/?t=exact&q=WLUJBRPWCDPZLH-UHFFFAOYSA-N'}]",Cc1ncn(C(=O)Cc2cn(Cc3ccc(F)cc3)c3ccccc23)c1C(=O)Nc1ccc(S(=O)(=O)Nc2nccs2)cc1,False
64,0.0,283.100856908,O=C(O)Cc1cn(Cc2ccc(F)cc2)c2ccccc12,,0.3466345290011272,370.41199999999986,O=C(O)CNCC(=O)Nc1ccc(S(=O)(=O)Nc2nccs2)cc1,"[{'catalogName': 'mcule', 'catalogId': 'MCULE-2544606999', 'smiles': 'C(NC1=CC=C(C=C1)S(=O)(=O)NC1SC=CN=1)(CNCC(O)=O)=O', 'link': 'https://mcule.com/MCULE-2544606999'}]",O=C(O)CN(CC(=O)Nc1ccc(S(=O)(=O)Nc2nccs2)cc1)C(=O)Cc1cn(Cc2ccc(F)cc2)c2ccccc12,False
65,0.0,283.100856908,O=C(O)Cc1cn(Cc2ccc(F)cc2)c2ccccc12,,0.3581213663078253,295.3889999999997,Cc1csc(NS(=O)(=O)c2ccc3c(c2)CCN3)n1,"[{'catalogName': 'emolecules', 'catalogId': '50059879', 'smiles': 'Cc1csc(NS(=O)(=O)c2ccc3NCCc3c2)n1', 'link': 'https://search.emolecules.com/search/#?querytype=emoleculesid&p=1&query=50059879'}, {'catalogName': 'mcule', 'catalogId': 'MCULE-9493949003', 'smiles': 'S(=O)(=O)(C1C=CC2=C(CCN2)C=1)NC1SC=C(C)N=1', 'link': 'https://mcule.com/MCULE-9493949003'}]",Cc1csc(NS(=O)(=O)c2ccc3c(c2)CCN3C(=O)Cc2cn(Cc3ccc(F)cc3)c3ccccc23)n1,False
66,0.0,283.100856908,O=C(O)Cc1cn(Cc2ccc(F)cc2)c2ccccc12,,0.3655294280991021,354.45699999999977,CC(C)[C@H](N)C(=O)Nc1ccc(S(=O)(=O)Nc2nccs2)cc1,"[{'catalogName': 'mcule', 'catalogId': 'MCULE-7518408997', 'smiles': 'C(NC1=CC=C(C=C1)S(=O)(=O)NC1SC=CN=1)(=O)[C@H](C(C)C)N', 'link': 'https://mcule.com/MCULE-7518408997'}]",CC(C)[C@H](NC(=O)Cc1cn(Cc2ccc(F)cc2)c2ccccc12)C(=O)Nc1ccc(S(=O)(=O)Nc2nccs2)cc1,False
67,0.0,283.100856908,O=C(O)Cc1cn(Cc2ccc(F)cc2)c2ccccc12,,0.3684951987365809,391.4739999999998,COc1ccc(CNc2ccc(S(=O)(=O)Nc3nccs3)cc2)c(O)c1,"[{'catalogName': 'molport', 'catalogId': 'MolPort-000-786-852', 'smiles': 'COc1ccc(CNc2ccc(cc2)S(=O)(=O)Nc2nccs2)c(O)c1', 'link': 'https://www.molport.com/shop/molecule-link/MolPort-000-786-852'}]",COc1ccc(CN(C(=O)Cc2cn(Cc3ccc(F)cc3)c3ccccc23)c2ccc(S(=O)(=O)Nc3nccs3)cc2)c(O)c1,True
68,0.0,283.100856908,O=C(O)Cc1cn(Cc2ccc(F)cc2)c2ccccc12,,0.3705181672245624,346.43699999999984,O=S(=O)(Nc1nccs1)c1ccc(NCc2ccccn2)cc1,"[{'catalogName': 'emolecules', 'catalogId': '42810019', 'smiles': 'O=S(=O)(Nc1nccs1)c1ccc(NCc2ccccn2)cc1', 'link': 'https://search.emolecules.com/search/#?querytype=emoleculesid&p=1&query=42810019'}, {'catalogName': 'mcule', 'catalogId': 'MCULE-1772660212', 'smiles': 'S(=O)(=O)(C1C=CC(=CC=1)NCC1=CC=CC=N1)NC1SC=CN=1', 'link': 'https://mcule.com/MCULE-1772660212'}]",O=C(Cc1cn(Cc2ccc(F)cc2)c2ccccc12)N(Cc1ccccn1)c1ccc(S(=O)(=O)Nc2nccs2)cc1,False
69,0.0,283.100856908,O=C(O)Cc1cn(Cc2ccc(F)cc2)c2ccccc12,,0.3707806212076999,428.5459999999999,Nc1nnc(SCC(=O)Nc2ccc(S(=O)(=O)Nc3nccs3)cc2)s1,"[{'catalogName': 'molport', 'catalogId': 'MolPort-001-994-978', 'smiles': 'Nc1nnc(SCC(=O)Nc2ccc(cc2)S(=O)(=O)Nc2nccs2)s1', 'link': 'https://www.molport.com/shop/molecule-link/MolPort-001-994-978'}, {'catalogName': 'surechembl', 'catalogId': 'SCHEMBL15113520', 'smiles': 'C1=CC(=CC=C1NC(=O)CSC2=NN=C(S2)N)S(=O)(=O)NC3=NC=CS3', 'link': 'https://www.surechembl.org/chemical/SCHEMBL15113520/'}]",O=C(CSc1nnc(NC(=O)Cc2cn(Cc3ccc(F)cc3)c3ccccc23)s1)Nc1ccc(S(=O)(=O)Nc2nccs2)cc1,False
70,0.0,283.100856908,O=C(O)Cc1cn(Cc2ccc(F)cc2)c2ccccc12,,0.3718511719978244,361.44799999999987,O=S(=O)(Nc1nccs1)c1ccc(NCc2ccccc2O)cc1,"[{'catalogName': 'surechembl', 'catalogId': 'SCHEMBL16646129', 'smiles': 'C1=CC=C(C(=C1)CNC2=CC=C(C=C2)S(=O)(=O)NC3=NC=CS3)O', 'link': 'https://www.surechembl.org/chemical/SCHEMBL16646129/'}, {'catalogName': 'molport', 'catalogId': 'MolPort-002-001-015', 'smiles': 'Oc1ccccc1CNc1ccc(cc1)S(=O)(=O)Nc1nccs1', 'link': 'https://www.molport.com/shop/molecule-link/MolPort-002-001-015'}]",O=C(Cc1cn(Cc2ccc(F)cc2)c2ccccc12)N(Cc1ccccc1O)c1ccc(S(=O)(=O)Nc2nccs2)cc1,True
71,0.0,283.100856908,O=C(O)Cc1cn(Cc2ccc(F)cc2)c2ccccc12,,0.3757266589453597,351.47799999999984,O=S(=O)(Nc1nccs1)c1ccc(NCc2cccs2)cc1,"[{'catalogName': 'mcule', 'catalogId': 'MCULE-1821994993', 'smiles': 'S(=O)(=O)(C1=CC=C(C=C1)NCC1=CC=CS1)NC1SC=CN=1', 'link': 'https://mcule.com/MCULE-1821994993'}, {'catalogName': 'emolecules', 'catalogId': '42809991', 'smiles': 'O=S(=O)(Nc1nccs1)c1ccc(NCc2cccs2)cc1', 'link': 'https://search.emolecules.com/search/#?querytype=emoleculesid&p=1&query=42809991'}]",O=C(Cc1cn(Cc2ccc(F)cc2)c2ccccc12)N(Cc1cccs1)c1ccc(S(=O)(=O)Nc2nccs2)cc1,False
72,0.0,283.100856908,O=C(O)Cc1cn(Cc2ccc(F)cc2)c2ccccc12,,0.3885226181838132,269.3509999999998,Cc1cnc(NS(=O)(=O)c2ccc(N)cc2)s1,"[{'catalogName': 'surechembl', 'catalogId': 'SCHEMBL2177779', 'smiles': 'CC1=CN=C(S1)NS(=O)(=O)C2=CC=C(C=C2)N', 'link': 'https://www.surechembl.org/chemical/SCHEMBL2177779/'}, {'catalogName': 'enamine_made', 'catalogId': 'BBV-025771', 'smiles': 'Cc1cnc(s1)NS(=O)(=O)c2ccc(cc2)N'}, {'catalogName': 'emolecules', 'catalogId': '37369937', 'smiles': 'Cc1cnc(NS(=O)(=O)c2ccc(N)cc2)s1', 'link': 'https://search.emolecules.com/search/#?querytype=emoleculesid&p=1&query=37369937'}, {'catalogName': 'enamine_bb', 'catalogId': 'EN300-1724723', 'smiles': 'Cc1cnc(NS(=O)(=O)c2ccc(N)cc2)s1', 'link': 'https://www.enaminestore.com/catalog/EN300-1724723'}, {'catalogName': 'mcule', 'catalogId': 'MCULE-4704707233', 'smiles': 'CC1SC(NS(C2=CC=C(N)C=C2)(=O)=O)=NC=1', 'link': 'https://mcule.com/MCULE-4704707233'}]",Cc1cnc(NS(=O)(=O)c2ccc(NC(=O)Cc3cn(Cc4ccc(F)cc4)c4ccccc34)cc2)s1,False
73,0.0,283.100856908,O=C(O)Cc1cn(Cc2ccc(F)cc2)c2ccccc12,,0.4184010116280904,383.8419999999998,O=C(Nc1ccc(S(=O)(=O)Nc2nccs2)cc1)c1n[nH]cc1Cl,"[{'catalogName': 'sigma', 'catalogId': '115842580', 'smiles': 'O=C(Nc1ccc(S(=O)(=O)Nc2nccs2)cc1)c1n[nH]cc1Cl', 'link': 'https://www.aldrichmarketselect.com/list_search.php?text_stuff=115842580&listFormat=STRUCTURE_ID&init_qty=1&qty_UOM=1'}, {'catalogName': 'mcule', 'catalogId': 'MCULE-1500687931', 'smiles': 'S(=O)(=O)(C1C=CC(=CC=1)NC(=O)C1=NNC=C1Cl)NC1SC=CN=1', 'link': 'https://mcule.com/MCULE-1500687931'}]",O=C(Nc1ccc(S(=O)(=O)Nc2nccs2)cc1)c1nn(C(=O)Cc2cn(Cc3ccc(F)cc3)c3ccccc23)cc1Cl,False
74,0.0,283.100856908,O=C(O)Cc1cn(Cc2ccc(F)cc2)c2ccccc12,,0.4294130808887845,295.3889999999998,O=S(=O)(Nc1nccs1)c1ccc2c(c1)CCCN2,"[{'catalogName': 'surechembl', 'catalogId': 'SCHEMBL2076638', 'smiles': 'C1CC2=C(C=CC(=C2)S(=O)(=O)NC3=NC=CS3)NC1', 'link': 'https://www.surechembl.org/chemical/SCHEMBL2076638/'}, {'catalogName': 'emolecules', 'catalogId': '50057617', 'smiles': 'O=S(=O)(Nc1nccs1)c1ccc2NCCCc2c1', 'link': 'https://search.emolecules.com/search/#?querytype=emoleculesid&p=1&query=50057617'}, {'catalogName': 'mcule', 'catalogId': 'MCULE-6207431550', 'smiles': 'S(=O)(=O)(C1C=CC2=C(CCCN2)C=1)NC1SC=CN=1', 'link': 'https://mcule.com/MCULE-6207431550'}]",O=C(Cc1cn(Cc2ccc(F)cc2)c2ccccc12)N1CCCc2cc(S(=O)(=O)Nc3nccs3)ccc21,False
75,0.0,283.100856908,O=C(O)Cc1cn(Cc2ccc(F)cc2)c2ccccc12,,0.4402052874744381,339.48599999999965,CC(C)CC(C)Nc1ccc(S(=O)(=O)Nc2nccs2)cc1,"[{'catalogName': 'mcule', 'catalogId': 'MCULE-2365988705', 'smiles': 'S(=O)(=O)(C1C=CC(=CC=1)NC(C)CC(C)C)NC1SC=CN=1', 'link': 'https://mcule.com/MCULE-2365988705'}]",CC(C)CC(C)N(C(=O)Cc1cn(Cc2ccc(F)cc2)c2ccccc12)c1ccc(S(=O)(=O)Nc2nccs2)cc1,False
76,0.0,283.100856908,O=C(O)Cc1cn(Cc2ccc(F)cc2)c2ccccc12,,0.4426663321628283,369.4279999999998,NCC(=O)NCC(=O)Nc1ccc(S(=O)(=O)Nc2nccs2)cc1,"[{'catalogName': 'mcule', 'catalogId': 'MCULE-8296127776', 'smiles': 'C(CN)(=O)NCC(NC1=CC=C(C=C1)S(=O)(=O)NC1SC=CN=1)=O', 'link': 'https://mcule.com/MCULE-8296127776'}]",O=C(CNC(=O)Cc1cn(Cc2ccc(F)cc2)c2ccccc12)NCC(=O)Nc1ccc(S(=O)(=O)Nc2nccs2)cc1,False
77,0.0,283.100856908,O=C(O)Cc1cn(Cc2ccc(F)cc2)c2ccccc12,,0.4452775348354317,370.4119999999998,N[C@@H](CC(=O)O)C(=O)Nc1ccc(S(=O)(=O)Nc2nccs2)cc1,"[{'catalogName': 'mcule', 'catalogId': 'MCULE-8915815608', 'smiles': 'C([C@H](N)C(NC1=CC=C(C=C1)S(=O)(=O)NC1SC=CN=1)=O)C(O)=O', 'link': 'https://mcule.com/MCULE-8915815608'}]",O=C(O)C[C@H](NC(=O)Cc1cn(Cc2ccc(F)cc2)c2ccccc12)C(=O)Nc1ccc(S(=O)(=O)Nc2nccs2)cc1,False
78,0.0,283.100856908,O=C(O)Cc1cn(Cc2ccc(F)cc2)c2ccccc12,,0.4459936274569009,351.4969999999997,CC1CCCCC1Nc1ccc(S(=O)(=O)Nc2nccs2)cc1,"[{'catalogName': 'mcule', 'catalogId': 'MCULE-3899555587', 'smiles': 'S(=O)(=O)(C1=CC=C(C=C1)NC1CCCCC1C)NC1SC=CN=1', 'link': 'https://mcule.com/MCULE-3899555587'}]",CC1CCCCC1N(C(=O)Cc1cn(Cc2ccc(F)cc2)c2ccccc12)c1ccc(S(=O)(=O)Nc2nccs2)cc1,False
79,0.0,283.100856908,O=C(O)Cc1cn(Cc2ccc(F)cc2)c2ccccc12,,0.4585280655379342,365.3999999999999,O=C(Cc1nnn[nH]1)Nc1ccc(S(=O)(=O)Nc2nccs2)cc1,"[{'catalogName': 'mcule', 'catalogId': 'MCULE-1970620018', 'smiles': 'S(=O)(=O)(C1C=CC(=CC=1)NC(=O)CC1NN=NN=1)NC1SC=CN=1', 'link': 'https://mcule.com/MCULE-1970620018'}]",O=C(Cc1nnnn1C(=O)Cc1cn(Cc2ccc(F)cc2)c2ccccc12)Nc1ccc(S(=O)(=O)Nc2nccs2)cc1,False
80,0.0,283.100856908,O=C(O)Cc1cn(Cc2ccc(F)cc2)c2ccccc12,,0.461723182745391,363.4239999999998,Cc1cc(C(=O)Nc2ccc(S(=O)(=O)Nc3nccs3)cc2)n[nH]1,"[{'catalogName': 'mcule', 'catalogId': 'MCULE-3749938065', 'smiles': 'C1(C(NC2=CC=C(C=C2)S(=O)(=O)NC2SC=CN=2)=O)C=C(C)NN=1', 'link': 'https://mcule.com/MCULE-3749938065'}]",Cc1cc(C(=O)Nc2ccc(S(=O)(=O)Nc3nccs3)cc2)nn1C(=O)Cc1cn(Cc2ccc(F)cc2)c2ccccc12,False
81,0.0,283.100856908,O=C(O)Cc1cn(Cc2ccc(F)cc2)c2ccccc12,,0.4619293874371321,370.41199999999986,N[C@@H](CC(=O)Nc1ccc(S(=O)(=O)Nc2nccs2)cc1)C(=O)O,"[{'catalogName': 'mcule', 'catalogId': 'MCULE-3715298803', 'smiles': 'C([C@H](N)C(O)=O)C(NC1=CC=C(C=C1)S(=O)(=O)NC1SC=CN=1)=O', 'link': 'https://mcule.com/MCULE-3715298803'}]",O=C(C[C@H](NC(=O)Cc1cn(Cc2ccc(F)cc2)c2ccccc12)C(=O)O)Nc1ccc(S(=O)(=O)Nc2nccs2)cc1,False
82,0.0,283.100856908,O=C(O)Cc1cn(Cc2ccc(F)cc2)c2ccccc12,,0.472720689602466,269.3509999999998,Cc1csc(NS(=O)(=O)c2ccc(N)cc2)n1,"[{'catalogName': 'surechembl', 'catalogId': 'SCHEMBL564521', 'smiles': 'CC1=CSC(=N1)NS(=O)(=O)C2=CC=C(C=C2)N', 'link': 'https://www.surechembl.org/chemical/SCHEMBL564521/'}, {'catalogName': 'enamine_made', 'catalogId': 'BBV-054240', 'smiles': 'Cc1csc(n1)NS(=O)(=O)c2ccc(cc2)N'}, {'catalogName': 'emolecules', 'catalogId': '10229384', 'smiles': 'Cc1csc(NS(=O)(=O)c2ccc(N)cc2)n1', 'link': 'https://search.emolecules.com/search/#?querytype=emoleculesid&p=1&query=10229384'}, {'catalogName': 'mcule', 'catalogId': 'MCULE-8065051019', 'smiles': 'S(=O)(=O)(C1C=CC(=CC=1)N)NC1SC=C(C)N=1', 'link': 'https://mcule.com/MCULE-8065051019'}]",Cc1csc(NS(=O)(=O)c2ccc(NC(=O)Cc3cn(Cc4ccc(F)cc4)c4ccccc34)cc2)n1,False
83,0.0,283.100856908,O=C(O)Cc1cn(Cc2ccc(F)cc2)c2ccccc12,,0.4781642127892234,353.45399999999984,Cc1nnc(Nc2ccc(S(=O)(=O)Nc3nccs3)cc2)s1,"[{'catalogName': 'mcule', 'catalogId': 'MCULE-8085239676', 'smiles': 'S(=O)(=O)(C1C=CC(=CC=1)NC1=NN=C(C)S1)NC1SC=CN=1', 'link': 'https://mcule.com/MCULE-8085239676'}]",Cc1nnc(N(C(=O)Cc2cn(Cc3ccc(F)cc3)c3ccccc23)c2ccc(S(=O)(=O)Nc3nccs3)cc2)s1,False
84,0.0,283.100856908,O=C(O)Cc1cn(Cc2ccc(F)cc2)c2ccccc12,,0.4898263375023204,387.4419999999999,O=C1OC(Nc2ccc(S(=O)(=O)Nc3nccs3)cc2)c2ccccc21,"[{'catalogName': 'molport', 'catalogId': 'MolPort-002-585-182', 'smiles': 'O=C1OC(Nc2ccc(cc2)S(=O)(=O)Nc2nccs2)c2ccccc12', 'link': 'https://www.molport.com/shop/molecule-link/MolPort-002-585-182'}]",O=C1OC(N(C(=O)Cc2cn(Cc3ccc(F)cc3)c3ccccc23)c2ccc(S(=O)(=O)Nc3nccs3)cc2)c2ccccc21,False
85,0.0,283.100856908,O=C(O)Cc1cn(Cc2ccc(F)cc2)c2ccccc12,,0.5164056450334513,363.42399999999986,Cc1[nH]ncc1C(=O)Nc1ccc(S(=O)(=O)Nc2nccs2)cc1,"[{'catalogName': 'mcule_ultimate', 'catalogId': 'UMBIGCWIIVOATG-UHFFFAOYSA-N', 'smiles': 'CC1=C(C=NN1)C(=O)NC2=CC=C(C=C2)S(=O)(=O)NC3=NC=CS3', 'link': 'https://ultimateapp.mcule.com/search/?t=exact&q=UMBIGCWIIVOATG-UHFFFAOYSA-N'}]",Cc1c(C(=O)Nc2ccc(S(=O)(=O)Nc3nccs3)cc2)cnn1C(=O)Cc1cn(Cc2ccc(F)cc2)c2ccccc12,False
86,0.0,283.100856908,O=C(O)Cc1cn(Cc2ccc(F)cc2)c2ccccc12,,0.5187342378977038,363.42399999999986,O=C(Cc1c[nH]cn1)Nc1ccc(S(=O)(=O)Nc2nccs2)cc1,"[{'catalogName': 'mcule_ultimate', 'catalogId': 'PLMUMWARXVSQFE-UHFFFAOYSA-N', 'smiles': 'C1=CC(=CC=C1NC(=O)CC2=CNC=N2)S(=O)(=O)NC3=NC=CS3', 'link': 'https://ultimateapp.mcule.com/search/?t=exact&q=PLMUMWARXVSQFE-UHFFFAOYSA-N'}]",O=C(Cc1cn(C(=O)Cc2cn(Cc3ccc(F)cc3)c3ccccc23)cn1)Nc1ccc(S(=O)(=O)Nc2nccs2)cc1,False
87,0.0,283.100856908,O=C(O)Cc1cn(Cc2ccc(F)cc2)c2ccccc12,,0.5252124628582084,281.3619999999998,O=S(=O)(Nc1nccs1)c1ccc2c(c1)CCN2,"[{'catalogName': 'surechembl', 'catalogId': 'SCHEMBL2077459', 'smiles': 'C1CNC2=C1C=C(C=C2)S(=O)(=O)NC3=NC=CS3', 'link': 'https://www.surechembl.org/chemical/SCHEMBL2077459/'}, {'catalogName': 'enamine_made', 'catalogId': 'BBV-225476', 'smiles': 'c1cc2c(cc1S(=O)(=O)Nc3nccs3)CCN2'}, {'catalogName': 'emolecules', 'catalogId': '44222482', 'smiles': 'O=S(=O)(Nc1nccs1)c1ccc2NCCc2c1', 'link': 'https://search.emolecules.com/search/#?querytype=emoleculesid&p=1&query=44222482'}, {'catalogName': 'mcule', 'catalogId': 'MCULE-4057084612', 'smiles': 'S(=O)(=O)(C1=CC=C2C(CCN2)=C1)NC1SC=CN=1', 'link': 'https://mcule.com/MCULE-4057084612'}]",O=C(Cc1cn(Cc2ccc(F)cc2)c2ccccc12)N1CCc2cc(S(=O)(=O)Nc3nccs3)ccc21,False
88,0.0,283.100856908,O=C(O)Cc1cn(Cc2ccc(F)cc2)c2ccccc12,,0.5647354849018656,350.3849999999999,O=C(Nc1ccc(S(=O)(=O)Nc2nccs2)cc1)c1nc[nH]n1,"[{'catalogName': 'mcule_ultimate', 'catalogId': 'VCLGUVTVXYVRMJ-UHFFFAOYSA-N', 'smiles': 'C1=CC(=CC=C1NC(=O)C2=NNC=N2)S(=O)(=O)NC3=NC=CS3', 'link': 'https://ultimateapp.mcule.com/search/?t=exact&q=VCLGUVTVXYVRMJ-UHFFFAOYSA-N'}]",O=C(Nc1ccc(S(=O)(=O)Nc2nccs2)cc1)c1ncn(C(=O)Cc2cn(Cc3ccc(F)cc3)c3ccccc23)n1,False
